Player,Pos,Age,Tm,G,MP,PER,TS%,3PAr,FTr,ORB%,DRB%,TRB%,AST%,STL%,BLK%,TOV%,USG%, ,OWS,DWS,WS,WS/48, ,OBPM,DBPM,BPM,VORP
Precious Achiuwa,PF,21,MIA,47,593,14.6,.568,.000,.528,11.3,20.2,15.9,6.8,1.3,4.2,14.8,19.5,,0.3,0.9,1.2,.097,,-3.0,-0.4,-3.4,-0.2
Jaylen Adams,PG,24,MIL,7,18,-6.6,.125,.250,.000,0.0,16.9,8.8,12.8,0.0,0.0,0.0,18.7,,-0.1,0.0,-0.1,-0.248,,-14.9,-5.0,-19.8,-0.1
Steven Adams,C,27,NOP,45,1268,15.7,.606,.012,.420,15.6,19.8,17.7,9.2,1.6,2.3,18.4,12.2,,2.0,1.0,3.0,.115,,-0.2,-0.7,-0.9,0.4
Bam Adebayo,C,23,MIA,44,1480,23.1,.627,.014,.449,8.2,23.0,15.9,27.4,1.3,3.7,14.9,24.1,,4.0,2.4,6.4,.207,,3.2,2.0,5.2,2.7
LaMarcus Aldridge,C,35,TOT,24,629,15.1,.541,.283,.149,3.0,16.2,9.5,10.8,0.8,3.3,7.3,22.0,,0.3,0.6,0.9,.072,,-0.5,-0.5,-1.0,0.2
LaMarcus Aldridge,C,35,SAS,21,544,15.2,.545,.302,.149,3.2,15.4,9.2,10.3,0.7,2.9,7.0,22.8,,0.3,0.5,0.8,.070,,-0.2,-1.0,-1.2,0.1
LaMarcus Aldridge,F-C,35,BRK,3,85,14.1,.504,.107,.143,1.4,21.4,11.9,14.1,1.7,6.2,9.2,16.8,,0.0,0.1,0.2,.087,,-2.8,2.7,-0.1,0.0
Ty-Shon Alexander,SG,22,PHO,5,15,1.6,.340,.600,.400,0.0,14.5,7.5,8.1,0.0,0.0,0.0,17.5,,0.0,0.0,0.0,-0.061,,-8.2,-4.2,-12.4,0.0
Nickeil Alexander-Walker,SG,22,NOP,41,851,12.6,.524,.495,.138,1.3,15.0,8.2,13.6,2.3,2.4,12.4,22.9,,-0.2,0.7,0.6,.033,,-1.6,-0.1,-1.7,0.1
Grayson Allen,SG,25,MEM,34,824,13.5,.599,.679,.196,1.8,13.0,7.2,11.4,2.0,0.8,10.3,16.4,,1.0,0.9,2.0,.115,,0.1,0.6,0.7,0.6
Jarrett Allen,C,22,TOT,44,1262,21.8,.676,.036,.655,11.8,26.9,19.3,9.0,0.8,5.2,13.3,16.9,,3.5,1.6,5.1,.195,,2.2,0.1,2.3,1.4
Jarrett Allen,C,22,BRK,12,320,21.7,.730,.000,.938,13.9,29.1,21.9,8.3,1.1,5.2,19.3,15.5,,1.0,0.5,1.4,.217,,1.3,0.6,1.9,0.3
Jarrett Allen,C,22,CLE,32,942,21.9,.662,.045,.585,11.1,26.1,18.4,9.2,0.7,5.3,11.4,17.4,,2.5,1.2,3.7,.187,,2.5,-0.1,2.4,1.0
Al-Farouq Aminu,PF,30,TOT,18,379,9.6,.483,.356,.211,5.3,21.6,13.2,10.9,2.2,2.2,21.5,14.3,,-0.4,0.5,0.2,.019,,-4.8,1.1,-3.7,-0.2
Al-Farouq Aminu,PF,30,ORL,17,367,10.0,.482,.348,.191,5.5,20.8,12.9,11.2,2.3,2.3,20.6,14.3,,-0.3,0.5,0.2,.024,,-4.4,1.2,-3.3,-0.1
Al-Farouq Aminu,PF,30,CHI,1,12,-2.7,.532,1.000,2.000,0.0,45.7,23.2,0.0,0.0,0.0,51.5,13.9,,0.0,0.0,0.0,-0.134,,-15.6,-0.7,-16.4,0.0
Kyle Anderson,PF,27,MEM,45,1215,16.8,.574,.384,.269,2.7,20.6,11.4,17.4,2.0,2.7,11.0,18.8,,1.6,1.8,3.4,.134,,1.1,1.6,2.7,1.4
Giannis Antetokounmpo,PF,26,MIL,45,1529,29.0,.631,.204,.539,5.7,28.7,17.6,29.3,1.6,3.5,14.1,32.8,,5.2,2.6,7.7,.243,,6.0,2.5,8.5,4.1
Kostas Antetokounmpo,PF,23,LAL,9,35,-0.1,.393,.000,1.200,6.5,31.2,19.1,0.0,2.8,7.6,51.2,19.4,,-0.2,0.1,-0.1,-0.195,,-12.6,1.6,-11.0,-0.1
Thanasis Antetokounmpo,SF,28,MIL,37,363,12.2,.591,.220,.286,10.8,13.4,12.2,9.8,1.8,1.7,22.1,15.2,,0.2,0.4,0.7,.087,,-2.4,-0.1,-2.5,0.0
Carmelo Anthony,PF,36,POR,48,1233,14.3,.532,.390,.213,2.1,11.8,6.7,9.9,1.5,2.4,7.4,23.3,,0.9,0.5,1.5,.058,,-0.7,-1.7,-2.4,-0.1
Cole Anthony,PG,20,ORL,25,667,10.3,.469,.309,.204,3.0,14.7,8.7,21.7,1.2,1.5,14.8,22.3,,-0.7,0.6,-0.1,-0.009,,-3.0,-1.1,-4.1,-0.4
OG Anunoby,SF,23,TOR,32,1071,14.9,.604,.512,.209,4.7,15.2,9.8,8.5,2.4,2.4,12.4,18.2,,1.0,1.3,2.3,.102,,0.3,0.6,0.9,0.8
Ryan Arcidiacono,PG,26,CHI,30,332,8.8,.505,.581,.186,1.0,14.2,7.7,16.2,1.0,0.0,7.0,12.9,,0.3,0.2,0.5,.074,,-3.3,-0.1,-3.4,-0.1
Trevor Ariza,SF,35,MIA,9,221,8.4,.452,.585,.200,2.1,16.1,9.4,7.8,1.1,3.3,5.4,15.2,,-0.1,0.3,0.2,.036,,-3.9,0.2,-3.7,-0.1
D.J. Augustin,PG,33,TOT,47,918,11.7,.564,.630,.248,1.9,6.9,4.4,21.6,1.3,0.1,15.2,15.8,,1.2,0.6,1.8,.093,,-0.8,-1.1,-1.9,0.0
D.J. Augustin,PG,33,MIL,37,713,10.3,.542,.672,.208,1.7,5.6,3.7,18.7,1.3,0.1,14.0,14.4,,0.8,0.5,1.2,.084,,-1.0,-1.1,-2.1,0.0
D.J. Augustin,PG,33,HOU,10,205,16.5,.623,.514,.357,2.5,11.4,6.8,31.5,1.2,0.0,18.2,20.6,,0.4,0.1,0.5,.123,,0.0,-1.3,-1.3,0.0
,,,,,,,,,,,,,,,,,,,,,,,,,,,
Deni Avdija,SF,20,WAS,45,1050,7.5,.518,.542,.129,1.9,20.7,11.2,6.5,1.1,0.9,9.7,12.2,,-0.1,0.9,0.8,.036,,-3.7,-0.5,-4.2,-0.6
Deandre Ayton,C,22,PHO,49,1494,19.7,.641,.034,.263,12.3,27.0,19.9,7.1,0.6,3.3,12.5,19.2,,3.4,2.3,5.8,.186,,0.4,-0.1,0.2,0.8
Udoka Azubuike,C,21,UTA,12,49,10.6,.622,.000,.857,9.0,18.7,14.0,0.0,1.0,6.5,23.7,11.1,,0.0,0.1,0.1,.109,,-5.5,1.2,-4.3,0.0
Dwayne Bacon,SG,25,ORL,50,1284,9.0,.491,.316,.223,1.3,11.2,6.1,7.4,1.0,0.3,6.0,19.0,,-0.3,0.8,0.4,.017,,-3.8,-1.5,-5.3,-1.1
Marvin Bagley III,PF,21,SAC,37,951,16.2,.553,.231,.262,10.4,21.7,16.0,5.5,0.9,1.6,9.6,23.1,,0.8,0.3,1.1,.057,,-0.6,-2.9,-3.5,-0.4
LaMelo Ball,PG,19,CHO,41,1174,18.6,.562,.411,.234,4.9,17.3,11.1,33.9,2.7,1.2,16.5,25.4,,1.4,1.5,2.9,.119,,1.9,0.8,2.7,1.4
Lonzo Ball,PG,23,NOP,39,1242,15.4,.567,.649,.096,2.1,12.3,7.3,24.6,2.1,1.6,14.1,19.9,,1.6,0.8,2.4,.094,,1.5,-0.2,1.4,1.1
Mo Bamba,C,22,ORL,28,323,17.7,.535,.355,.174,10.9,27.0,18.7,6.2,0.8,7.3,8.6,21.7,,0.2,0.5,0.7,.106,,-1.2,0.0,-1.2,0.1
Desmond Bane,SG,22,MEM,43,970,11.9,.610,.516,.104,1.8,13.2,7.4,8.5,1.4,0.7,10.7,16.2,,0.9,0.9,1.9,.093,,-1.2,-0.2,-1.4,0.2
Harrison Barnes,PF,28,SAC,48,1725,15.6,.617,.376,.390,3.6,17.3,10.3,13.6,1.1,0.4,10.8,17.0,,3.5,0.2,3.7,.103,,1.4,-1.4,-0.1,0.8
RJ Barrett,SG,20,NYK,51,1733,13.6,.526,.242,.277,3.5,15.2,9.3,14.4,1.1,0.7,10.9,24.0,,0.5,2.1,2.6,.071,,-1.2,-0.5,-1.7,0.1
Will Barton,SF,30,DEN,46,1432,11.8,.532,.419,.174,2.6,12.7,7.7,13.6,1.4,1.5,12.5,18.8,,0.5,1.1,1.7,.056,,-0.9,-1.2,-2.2,-0.1
Keita Bates-Diop,SF,25,SAS,16,118,11.0,.467,.469,.313,4.4,13.8,9.0,7.8,2.5,0.7,2.7,13.8,,0.0,0.1,0.2,.071,,-2.6,0.5,-2.0,0.0
Nicolas Batum,SF,32,LAC,48,1372,13.1,.625,.679,.161,3.3,15.8,9.7,11.0,2.0,1.1,10.6,11.6,,2.3,1.7,4.0,.138,,0.6,0.8,1.4,1.2
Aron Baynes,C,34,TOR,47,870,9.6,.484,.337,.139,9.5,21.2,15.2,7.1,0.7,2.3,12.6,16.1,,-0.1,0.8,0.7,.039,,-3.8,-1.4,-5.2,-0.7
Kent Bazemore,SF,31,GSW,48,784,10.5,.556,.483,.209,2.3,16.4,9.3,12.8,2.4,2.6,17.4,16.5,,-0.3,1.1,0.9,.053,,-3.1,1.4,-1.6,0.1
Darius Bazley,PF,20,OKC,36,1104,9.4,.487,.462,.201,2.1,23.5,12.8,7.4,0.8,1.8,12.6,19.6,,-1.4,1.1,-0.3,-0.012,,-3.2,-0.9,-4.1,-0.6
Bradley Beal,SG,27,WAS,41,1454,23.5,.600,.287,.354,3.3,11.7,7.5,24.3,1.6,0.9,11.3,34.5,,3.1,1.0,4.1,.135,,5.3,-1.4,3.9,2.2
Malik Beasley,SG,24,MIN,37,1214,14.8,.570,.535,.133,2.4,12.4,7.2,11.9,1.2,0.5,8.6,24.1,,0.9,0.5,1.4,.055,,1.7,-2.3,-0.6,0.4
Jordan Bell,C,26,WAS,3,50,8.0,.333,.133,.000,10.5,23.4,16.9,13.1,0.9,5.1,16.7,15.0,,-0.1,0.1,0.0,-0.032,,-5.1,-1.2,-6.3,-0.1
,,,,,,,,,,,,,,,,,,,,,,,,,,,
DeAndre' Bembry,SF,26,TOR,34,599,11.3,.599,.223,.238,3.4,13.0,8.0,16.3,1.9,1.9,20.0,12.9,,0.4,0.6,1.0,.080,,-2.7,0.9,-1.7,0.0
Dāvis Bertāns,PF,28,WAS,37,908,11.4,.606,.885,.230,1.7,10.9,6.3,5.0,1.2,0.7,6.4,16.4,,1.1,0.5,1.6,.087,,0.3,-1.4,-1.1,0.2
Patrick Beverley,PG,32,LAC,29,689,13.2,.608,.657,.215,4.5,12.8,8.7,11.5,1.8,2.9,12.0,14.5,,1.1,0.9,2.0,.139,,-0.1,0.9,0.7,0.5
Saddiq Bey,SF,21,DET,48,1187,11.9,.566,.684,.216,2.4,16.1,9.1,8.0,1.2,0.4,7.3,17.7,,1.1,0.9,2.0,.082,,-0.1,-1.2,-1.3,0.2
Tyler Bey,SF,22,DAL,10,33,7.7,.313,.091,.364,17.0,22.7,19.9,4.0,0.0,2.9,0.0,17.2,,0.0,0.0,0.0,-0.001,,-5.2,-3.9,-9.1,-0.1
Khem Birch,C,28,ORL,47,936,14.4,.522,.101,.411,12.5,14.4,13.4,7.9,1.6,2.8,8.6,12.3,,1.3,1.0,2.3,.119,,-1.5,-0.5,-2.0,0.0
Goga Bitadze,C,21,IND,29,284,18.5,.574,.320,.320,13.3,18.1,15.7,5.7,0.8,8.3,8.6,19.6,,0.5,0.4,0.9,.153,,-1.4,0.7,-0.8,0.1
Bismack Biyombo,C,28,CHO,47,1002,11.6,.571,.005,.440,10.2,16.3,13.2,8.5,0.6,5.4,18.2,11.5,,0.8,1.0,1.8,.085,,-3.1,-0.1,-3.2,-0.3
Nemanja Bjelica,PF,32,TOT,30,491,12.2,.552,.410,.271,5.3,19.8,12.5,15.1,0.9,0.3,14.3,19.0,,0.3,0.1,0.5,.046,,-1.8,-1.5,-3.4,-0.2
Nemanja Bjelica,PF,32,SAC,26,439,12.8,.555,.387,.280,5.9,19.4,12.6,15.2,0.9,0.4,14.3,19.2,,0.4,0.1,0.4,.049,,-1.3,-1.7,-3.0,-0.1
Nemanja Bjelica,PF,32,MIA,4,52,6.8,.520,.625,.188,0.0,22.8,11.8,14.6,1.0,0.0,14.8,17.5,,0.0,0.1,0.0,.023,,-6.7,-0.3,-7.0,-0.1
Eric Bledsoe,SG,31,NOP,48,1443,11.1,.527,.499,.236,1.6,10.9,6.3,17.3,1.2,1.1,12.6,18.0,,0.8,0.5,1.3,.042,,-1.3,-1.7,-2.9,-0.3
Keljin Blevins,SF,25,POR,10,51,-5.6,.143,.357,.000,0.0,4.4,2.1,9.7,1.9,0.0,17.6,14.4,,-0.3,0.0,-0.3,-0.240,,-11.8,-3.8,-15.7,-0.2
Bogdan Bogdanović,SG,28,ATL,25,637,14.3,.570,.597,.083,1.9,12.5,7.3,17.0,1.5,1.0,8.7,19.6,,0.9,0.5,1.4,.104,,1.0,0.1,1.1,0.5
Bojan Bogdanović,SF,31,UTA,50,1505,12.5,.569,.533,.262,2.0,11.4,6.9,9.0,0.8,0.2,9.5,20.5,,1.8,1.5,3.3,.105,,-0.3,-1.0,-1.3,0.3
Bol Bol,PF,21,DEN,20,107,13.2,.653,.500,.194,0.0,16.8,8.5,7.8,0.9,5.5,18.7,19.7,,0.0,0.1,0.1,.061,,-0.8,0.3,-0.5,0.0
Marques Bolden,C,22,CLE,6,29,13.4,.537,.000,2.667,11.3,11.8,11.6,0.0,3.4,6.2,23.5,12.8,,0.0,0.0,0.0,.068,,-3.4,0.6,-2.8,0.0
Jordan Bone,PG,23,ORL,14,196,8.9,.519,.593,.000,2.1,11.0,6.4,13.4,0.5,0.0,5.3,12.6,,0.1,0.1,0.2,.055,,-2.6,-1.6,-4.2,-0.1
Isaac Bonga,SF,21,WAS,30,355,4.5,.472,.587,.095,5.0,12.6,8.8,6.7,1.0,1.7,19.6,9.6,,-0.2,0.2,0.0,.006,,-5.2,-1.1,-6.3,-0.4
Devin Booker,SG,24,PHO,45,1525,20.0,.602,.308,.290,1.2,12.1,6.8,22.2,1.3,0.6,13.0,32.5,,2.2,1.6,3.9,.121,,1.8,-1.0,0.8,1.1
Chris Boucher,C,28,TOR,50,1156,22.3,.639,.418,.353,8.3,21.8,14.8,6.9,1.2,8.6,6.7,20.6,,3.2,1.7,5.0,.207,,2.8,0.5,3.3,1.6
Brian Bowen,SF,22,IND,3,8,9.1,.615,.000,.500,0.0,14.0,7.0,0.0,0.0,0.0,0.0,13.2,,0.0,0.0,0.0,.101,,-5.0,-2.3,-7.4,0.0
,,,,,,,,,,,,,,,,,,,,,,,,,,,
Avery Bradley,SG,30,TOT,15,334,8.6,.541,.565,.102,1.3,8.8,5.1,12.2,1.3,0.6,11.0,16.7,,0.0,0.3,0.3,.038,,-3.7,-0.9,-4.6,-0.2
Avery Bradley,SG,30,MIA,10,211,10.4,.607,.576,.136,1.1,8.2,4.8,10.2,1.6,0.5,11.4,16.8,,0.1,0.2,0.3,.079,,-2.7,-0.6,-3.2,-0.1
Avery Bradley,SG,30,HOU,5,123,5.4,.431,.548,.048,1.7,9.9,5.6,15.4,0.8,0.7,10.4,16.6,,-0.1,0.1,-0.1,-0.032,,-5.6,-1.5,-7.0,-0.2
Tony Bradley,C,23,TOT,25,390,20.3,.683,.029,.214,14.0,24.5,19.3,8.9,1.0,3.8,11.1,13.9,,1.1,0.6,1.8,.217,,1.3,0.7,2.0,0.4
Tony Bradley,C,23,PHI,20,287,21.1,.683,.013,.147,15.3,24.2,19.9,8.7,1.0,4.0,7.0,12.7,,1.0,0.5,1.4,.242,,2.1,1.0,3.1,0.4
Tony Bradley,C,23,OKC,5,103,18.2,.685,.071,.393,10.2,25.4,17.8,9.3,0.9,3.4,19.6,17.1,,0.2,0.1,0.3,.146,,-0.9,0.0,-0.9,0.0
Jarrell Brantley,PF,24,UTA,16,55,17.1,.565,.609,.087,6.0,18.5,12.5,10.8,2.7,1.4,4.0,19.4,,0.1,0.1,0.2,.194,,-0.2,2.1,1.9,0.1
Ignas Brazdeikis,SF,22,TOT,5,15,-1.1,.205,.250,.500,7.2,21.4,14.5,8.3,0.0,0.0,17.0,17.0,,-0.1,0.0,0.0,-0.158,,-11.5,-3.1,-14.6,0.0
Ignas Brazdeikis,SF,22,NYK,4,7,11.3,.532,.000,2.000,15.4,15.3,15.4,17.7,0.0,0.0,34.7,18.2,,0.0,0.0,0.0,.035,,-2.9,-1.9,-4.8,0.0
Ignas Brazdeikis,F,22,PHI,1,8,-12.0,.000,.333,.000,0.0,26.7,13.7,0.0,0.0,0.0,0.0,16.0,,-0.1,0.0,-0.1,-0.326,,-18.9,-4.2,-23.2,0.0
Mikal Bridges,SF,24,PHO,49,1587,16.4,.650,.457,.208,4.2,11.9,8.2,9.7,1.4,2.5,7.5,15.3,,3.6,2.0,5.5,.167,,2.1,0.8,2.9,2.0
Miles Bridges,PF,22,CHO,49,1311,13.0,.611,.451,.178,5.2,18.2,11.7,10.7,1.1,2.7,16.0,15.5,,1.2,1.3,2.4,.089,,-0.8,-0.1,-1.0,0.3
Malcolm Brogdon,PG,28,IND,44,1550,17.8,.565,.380,.162,2.6,12.5,7.5,26.0,1.4,0.5,10.2,25.6,,2.3,1.2,3.4,.107,,2.8,-1.3,1.5,1.4
Dillon Brooks,SF,25,MEM,44,1276,11.1,.498,.368,.173,2.9,8.1,5.4,12.2,2.1,1.3,10.7,26.2,,-0.9,1.4,0.5,.017,,-3.1,-1.3,-4.4,-0.8
Bruce Brown,PG,24,BRK,47,1022,14.9,.596,.138,.263,8.3,15.1,11.8,9.5,1.7,1.2,10.0,15.7,,1.9,0.9,2.7,.128,,-1.0,-0.3,-1.3,0.2
Jaylen Brown,SG,24,BOS,46,1552,20.3,.582,.352,.231,4.0,15.0,9.4,17.9,1.8,1.4,11.5,30.2,,2.4,1.4,3.9,.120,,3.7,-1.0,2.7,1.9
Moses Brown,C,21,OKC,21,413,20.6,.598,.000,.667,16.5,27.4,21.9,1.5,1.3,5.1,9.6,17.5,,0.9,0.6,1.5,.177,,-0.3,-1.3,-1.6,0.0
Sterling Brown,SG,25,HOU,48,1178,11.2,.595,.640,.088,3.3,17.1,9.9,8.5,1.5,0.9,10.3,13.3,,1.0,1.0,2.1,.084,,-1.8,0.0,-1.8,0.1
Troy Brown Jr.,SF,21,TOT,25,362,7.5,.490,.491,.176,4.4,16.5,10.4,8.5,0.8,0.9,12.7,15.4,,-0.2,0.2,0.1,.010,,-3.6,-1.6,-5.2,-0.3
Troy Brown Jr.,SF,21,WAS,21,287,6.4,.471,.517,.169,4.0,18.5,11.2,8.9,0.5,1.2,14.3,16.2,,-0.3,0.2,-0.1,-0.017,,-3.7,-2.0,-5.7,-0.3
Troy Brown Jr.,SF,21,CHI,4,75,11.6,.578,.368,.211,6.0,8.8,7.4,7.0,1.9,0.0,4.6,12.5,,0.1,0.1,0.2,.115,,-2.9,0.0,-2.9,0.0
Jalen Brunson,PG,24,DAL,45,1142,17.6,.641,.342,.285,1.6,13.4,7.6,20.1,1.1,0.0,11.6,20.2,,2.8,0.8,3.6,.151,,1.5,-0.8,0.7,0.8
Thomas Bryant,C,23,WAS,10,271,18.9,.704,.231,.264,6.9,16.9,11.9,8.6,0.7,2.5,9.8,17.3,,0.7,0.2,0.9,.164,,2.1,-1.7,0.4,0.2
Reggie Bullock,SF,29,NYK,44,1225,10.4,.586,.680,.096,1.0,12.1,6.5,7.2,1.3,0.6,7.8,14.4,,1.1,1.4,2.6,.101,,-1.3,0.6,-0.7,0.4
Trey Burke,PG,28,DAL,47,682,13.3,.566,.490,.156,0.8,5.8,3.4,13.8,1.8,0.4,8.0,19.5,,0.8,0.5,1.2,.087,,-0.7,-0.5,-1.2,0.1
Alec Burks,SG,29,NYK,39,1013,15.1,.567,.480,.244,2.0,16.1,9.1,13.2,1.4,1.1,8.2,20.7,,1.4,1.4,2.8,.130,,0.7,0.4,1.1,0.8
Jimmy Butler,SF,31,MIA,35,1178,26.0,.590,.134,.546,7.0,17.6,12.5,37.1,2.9,1.2,10.8,26.8,,4.1,2.0,6.1,.248,,4.7,2.7,7.4,2.8
Bruno Caboclo,PF,25,HOU,6,36,9.2,.475,.294,.118,8.5,34.0,20.7,4.8,0.0,5.0,18.3,26.0,,-0.1,0.0,-0.1,-0.077,,-8.5,-2.1,-10.6,-0.1
,,,,,,,,,,,,,,,,,,,,,,,,,,,
Devontae Cacok,PF,24,LAL,12,54,20.5,.573,.000,.412,16.8,20.2,18.5,2.8,4.5,3.3,13.0,18.6,,0.1,0.1,0.2,.181,,-0.6,2.5,1.9,0.1
Kentavious Caldwell-Pope,SG,27,LAL,46,1221,8.9,.559,.554,.220,2.0,8.8,5.5,7.7,1.5,0.9,12.7,14.0,,0.4,1.7,2.1,.083,,-2.6,0.1,-2.5,-0.2
Facundo Campazzo,PG,29,DEN,43,769,10.1,.530,.702,.246,1.6,7.5,4.6,18.9,2.8,1.1,17.8,13.1,,0.5,0.8,1.3,.080,,-2.8,0.5,-2.3,-0.1
Vlatko Čančar,PF,23,DEN,25,148,8.9,.533,.545,.182,3.9,18.2,11.1,6.7,2.7,1.3,20.2,13.2,,-0.1,0.2,0.1,.043,,-3.5,1.1,-2.4,0.0
Clint Capela,C,26,ATL,44,1310,24.8,.600,.000,.309,18.0,33.9,26.2,4.4,1.2,6.7,9.0,20.2,,3.3,2.4,5.7,.209,,2.7,0.1,2.8,1.6
Vernon Carey Jr.,C,19,CHO,9,30,5.5,.363,.500,.333,7.2,25.5,16.2,4.4,0.0,6.7,22.5,12.7,,-0.1,0.0,0.0,-0.047,,-5.3,-1.5,-6.8,0.0
Jevon Carter,PG,25,PHO,37,373,9.9,.486,.663,.019,1.9,12.0,7.1,14.8,2.0,1.7,6.3,13.4,,0.2,0.5,0.7,.090,,-2.2,2.0,-0.3,0.2
Wendell Carter Jr.,C,21,TOT,37,930,17.5,.591,.100,.448,10.2,24.8,17.6,12.2,1.1,2.9,13.7,19.2,,1.5,1.2,2.7,.140,,-0.7,0.1,-0.6,0.3
Wendell Carter Jr.,C,21,CHI,32,792,16.3,.578,.087,.440,10.0,24.9,17.6,12.2,1.1,2.6,14.0,19.0,,1.1,1.0,2.1,.127,,-1.3,-0.1,-1.4,0.1
Wendell Carter Jr.,C,21,ORL,5,138,24.4,.657,.170,.489,11.7,24.2,17.7,12.1,1.4,4.8,12.3,20.4,,0.4,0.2,0.6,.211,,2.9,1.1,4.0,0.2
Michael Carter-Williams,SG,29,ORL,26,684,9.0,.440,.205,.262,5.0,13.5,9.1,24.9,1.2,1.9,18.8,19.9,,-0.9,0.6,-0.3,-0.022,,-4.7,-0.2,-4.9,-0.5
Alex Caruso,PG,26,LAL,40,810,10.6,.524,.459,.250,3.1,13.1,8.2,16.1,2.7,1.1,17.1,14.1,,0.1,1.5,1.6,.097,,-2.8,2.4,-0.4,0.3
Willie Cauley-Stein,C,27,DAL,35,599,14.7,.644,.063,.394,7.5,19.7,13.7,6.1,0.9,4.4,9.7,12.2,,1.2,0.7,1.9,.154,,-1.8,0.7,-1.1,0.1
Chris Chiozza,PG,25,BRK,19,184,12.3,.448,.507,.188,1.9,9.9,6.1,36.8,1.6,1.9,15.8,21.0,,0.1,0.1,0.2,.049,,-1.1,-0.8,-2.0,0.0
Marquese Chriss,PF,23,GSW,2,27,11.9,.412,.357,.286,11.8,39.3,25.5,11.2,0.0,6.6,11.3,28.0,,-0.1,0.0,0.0,-0.039,,-2.2,-1.0,-3.2,0.0
Gary Clark,SF,26,ORL,35,637,6.1,.439,.824,.076,5.2,13.4,9.1,6.4,0.9,1.0,11.2,10.3,,-0.2,0.4,0.2,.016,,-3.8,-0.9,-4.8,-0.4
Brandon Clarke,PF,24,MEM,41,1056,17.5,.570,.157,.228,6.0,17.0,11.4,9.6,2.0,3.1,5.4,17.7,,1.7,1.5,3.2,.148,,0.4,1.0,1.4,0.9
Jordan Clarkson,SG,28,UTA,50,1271,17.1,.553,.582,.120,3.4,12.8,8.3,14.2,1.6,0.4,9.8,29.3,,1.3,1.6,2.9,.109,,2.1,-1.0,1.0,1.0
Nicolas Claxton,C,21,BRK,19,343,18.7,.590,.038,.356,10.3,19.1,14.9,7.7,1.7,6.4,8.4,16.7,,0.6,0.5,1.1,.157,,0.0,1.0,1.0,0.3
Amir Coffey,SG,23,LAC,33,265,11.0,.620,.614,.243,2.6,8.7,5.7,7.6,1.3,0.0,12.4,14.8,,0.3,0.2,0.5,.086,,-0.9,-0.7,-1.6,0.0
John Collins,PF,23,ATL,47,1422,20.8,.630,.259,.252,7.7,20.2,14.1,7.7,0.9,3.0,7.7,22.4,,3.8,1.4,5.2,.177,,2.5,-0.4,2.1,1.5
Mike Conley,PG,33,UTA,40,1188,19.5,.604,.530,.215,2.9,9.2,6.2,28.0,2.3,0.4,12.3,22.7,,3.4,1.6,4.9,.200,,3.6,0.6,4.2,1.9
,,,,,,,,,,,,,,,,,,,,,,,,,,,
Pat Connaughton,SG,28,MIL,46,1069,11.8,.592,.668,.119,4.6,16.6,10.8,7.1,1.4,1.4,7.3,11.3,,1.5,1.2,2.7,.122,,-0.1,0.2,0.2,0.6
Quinn Cook,PG,27,TOT,23,157,12.9,.531,.382,.118,1.4,10.8,6.0,18.3,1.3,0.6,8.9,21.7,,0.1,0.1,0.2,.069,,-1.2,-0.4,-1.5,0.0
Quinn Cook,PG,27,LAL,16,62,14.0,.585,.500,.192,0.0,8.8,4.5,12.4,0.8,1.4,9.6,21.8,,0.1,0.1,0.1,.106,,-0.3,-0.8,-1.1,0.0
Quinn Cook,PG,27,CLE,7,95,12.2,.496,.310,.071,2.3,12.1,7.1,22.1,1.6,0.0,8.5,21.7,,0.0,0.1,0.1,.045,,-1.7,-0.1,-1.8,0.0
Tyler Cook,SF-PF,23,TOT,14,152,7.4,.560,.000,.367,8.0,15.7,11.7,6.5,0.6,0.0,20.5,12.6,,0.0,0.1,0.1,.027,,-5.8,-0.8,-6.6,-0.2
Tyler Cook,PF,23,BRK,4,17,1.6,.333,.000,.000,6.9,6.3,6.6,14.1,0.0,0.0,25.0,10.3,,0.0,0.0,0.0,-0.047,,-5.3,-1.5,-6.8,0.0
Tyler Cook,SF,23,DET,10,135,8.2,.581,.000,.407,8.1,16.9,12.4,5.5,0.7,0.0,20.1,12.9,,0.0,0.1,0.1,.036,,-5.9,-0.7,-6.6,-0.2
DeMarcus Cousins,C,30,HOU,25,506,15.1,.511,.552,.281,6.1,35.4,20.1,18.2,2.0,3.2,14.2,23.2,,-0.1,0.9,0.8,.073,,-1.5,1.9,0.4,0.3
Robert Covington,PF,30,POR,47,1513,12.1,.575,.716,.110,2.5,20.8,11.3,6.9,2.5,3.5,12.2,12.1,,1.0,1.6,2.6,.082,,-1.3,1.4,0.1,0.8
Torrey Craig,SF,30,TOT,27,350,12.3,.523,.415,.064,8.0,16.2,12.2,8.6,2.3,2.3,8.5,13.1,,0.3,0.5,0.9,.119,,-1.5,1.1,-0.4,0.1
Torrey Craig,SF,30,MIL,18,201,10.4,.480,.478,.043,7.1,15.2,11.3,9.5,2.1,3.1,9.6,10.8,,0.1,0.3,0.4,.101,,-1.9,1.0,-0.9,0.1
Torrey Craig,SF,30,PHO,9,149,14.9,.563,.354,.083,9.4,17.5,13.6,7.4,2.6,1.2,7.4,16.1,,0.2,0.2,0.4,.143,,-0.8,1.1,0.3,0.1
Jae Crowder,PF,30,PHO,46,1278,12.1,.578,.754,.157,1.9,17.4,9.9,9.9,1.5,1.3,9.7,15.8,,1.1,1.7,2.8,.105,,0.2,0.7,0.9,0.9
Jarrett Culver,SG,21,MIN,28,446,8.8,.470,.289,.289,7.4,16.4,11.7,5.9,1.7,1.5,12.7,18.5,,-0.4,0.3,-0.1,-0.010,,-5.0,-1.8,-6.8,-0.5
Seth Curry,SG,30,PHI,39,1136,12.5,.590,.491,.169,0.7,7.1,4.0,13.9,1.4,0.6,11.2,17.7,,1.3,1.2,2.5,.105,,-0.3,-1.2,-1.5,0.2
Stephen Curry,PG,32,GSW,42,1419,25.2,.642,.565,.284,1.6,15.5,8.6,32.1,1.8,0.3,12.1,32.9,,4.0,1.5,5.5,.186,,7.3,0.1,7.5,3.4
Nate Darling,SG,22,CHO,4,16,9.7,.500,1.000,.000,6.7,0.0,3.4,8.8,0.0,0.0,0.0,16.1,,0.0,0.0,0.0,.050,,1.8,-4.3,-2.6,0.0
Anthony Davis,PF,27,LAL,23,755,24.6,.588,.151,.339,7.1,21.1,14.2,16.2,2.0,4.8,9.3,27.9,,1.5,1.7,3.2,.201,,4.3,2.1,6.4,1.6
Ed Davis,C,31,MIN,19,264,12.1,.462,.000,.186,14.8,25.1,19.8,9.5,1.8,3.2,11.4,8.4,,0.3,0.3,0.6,.115,,-3.8,0.4,-3.4,-0.1
Terence Davis,SG,23,TOT,40,613,11.6,.548,.607,.088,1.7,13.3,7.3,11.2,1.7,1.4,11.7,21.7,,-0.1,0.5,0.4,.030,,-1.5,-1.2,-2.7,-0.1
Terence Davis,SG,23,TOR,34,493,11.0,.537,.581,.086,1.9,13.1,7.3,11.6,1.7,1.4,11.7,21.6,,-0.2,0.4,0.3,.026,,-1.8,-1.3,-3.1,-0.1
Terence Davis,SG,23,SAC,6,120,14.0,.590,.712,.096,0.9,14.0,7.4,9.5,2.0,1.4,11.4,21.8,,0.1,0.0,0.1,.043,,-0.4,-0.9,-1.3,0.0
Matthew Dellavedova,PG,30,CLE,3,50,8.3,.272,.417,.167,4.4,4.6,4.5,39.5,0.0,0.0,0.0,11.2,,0.0,0.0,0.0,.030,,-2.2,-3.1,-5.3,0.0
DeMar DeRozan,PF,31,SAS,41,1395,22.0,.594,.103,.477,2.0,11.9,6.8,32.1,1.3,0.7,9.5,25.1,,4.2,1.1,5.3,.181,,3.7,-0.1,3.6,2.0
Mamadi Diakite,PF,24,MIL,6,56,12.3,.472,.222,.000,9.8,18.1,14.1,9.1,0.0,6.4,5.3,14.3,,0.0,0.1,0.1,.100,,-2.5,-0.4,-2.9,0.0
Hamidou Diallo,SG-SF,22,TOT,37,881,16.0,.554,.152,.434,5.3,18.2,11.7,16.3,1.9,1.6,12.1,22.7,,0.6,1.0,1.6,.088,,-1.4,0.4,-1.0,0.2
Hamidou Diallo,SG,22,OKC,32,761,15.2,.536,.138,.444,5.1,17.6,11.3,16.4,2.0,1.4,12.1,23.0,,0.3,0.9,1.1,.072,,-2.1,0.4,-1.7,0.1
Hamidou Diallo,SF,22,DET,5,120,21.6,.676,.250,.364,6.4,21.9,13.9,15.8,1.2,3.0,12.1,21.1,,0.3,0.1,0.5,.191,,2.6,0.7,3.3,0.2
Gorgui Dieng,C,31,TOT,24,385,18.9,.680,.450,.423,7.6,19.9,13.6,10.3,2.2,3.4,14.9,16.9,,0.9,0.6,1.5,.190,,1.3,1.0,2.3,0.4
Gorgui Dieng,C,31,MEM,22,371,19.4,.682,.444,.398,7.8,20.6,14.1,10.7,2.2,3.5,14.8,16.9,,0.9,0.6,1.5,.194,,1.7,1.0,2.6,0.4
Gorgui Dieng,C,31,SAS,2,14,6.4,.630,.667,1.333,0.0,0.0,0.0,0.0,3.5,0.0,17.4,17.9,,0.0,0.0,0.0,.063,,-8.7,1.5,-7.2,0.0
Spencer Dinwiddie,SG,27,BRK,3,64,10.2,.536,.438,.375,0.0,21.8,11.4,17.6,1.5,1.4,21.2,16.1,,0.0,0.1,0.1,.046,,-3.4,2.0,-1.4,0.0
,,,,,,,,,,,,,,,,,,,,,,,,,,,
Donte DiVincenzo,SG,24,MIL,48,1319,13.0,.537,.546,.116,5.1,15.9,10.7,14.3,2.0,0.6,12.6,17.2,,1.1,1.5,2.6,.095,,-0.3,0.1,-0.2,0.6
Luka Dončić,PG,21,DAL,44,1539,26.2,.595,.389,.338,2.5,22.5,12.7,45.0,1.4,1.6,15.2,36.1,,3.8,1.8,5.7,.176,,6.6,0.8,7.4,3.7
Luguentz Dort,SG,21,OKC,41,1203,9.4,.509,.534,.231,2.3,9.9,6.1,8.1,1.4,1.1,10.3,20.3,,-0.6,0.9,0.3,.010,,-3.3,-1.0,-4.3,-0.7
Damyean Dotson,SG,26,CLE,35,658,8.9,.485,.520,.145,0.8,11.3,5.9,16.9,1.0,0.5,10.6,17.4,,-0.2,0.3,0.2,.012,,-2.8,-1.2,-4.0,-0.3
Devon Dotson,PG,21,CHI,3,15,10.5,.500,.000,.000,7.5,7.3,7.4,0.0,3.2,0.0,0.0,11.4,,0.0,0.0,0.0,.080,,-3.8,1.2,-2.7,0.0
Sekou Doumbouya,PF,20,DET,41,527,5.1,.439,.455,.192,3.9,14.5,9.1,7.0,1.4,0.3,13.0,17.2,,-0.8,0.4,-0.4,-0.032,,-6.0,-2.2,-8.2,-0.8
PJ Dozier,SG,24,DEN,34,674,10.4,.508,.420,.224,3.9,16.7,10.4,10.2,1.3,2.3,11.1,16.5,,0.2,0.6,0.8,.056,,-2.3,-0.9,-3.2,-0.2
Goran Dragić,PG,34,MIA,31,832,12.5,.556,.416,.226,1.3,12.1,6.8,28.2,1.0,0.8,17.9,24.6,,-0.1,0.8,0.7,.043,,-1.6,-1.8,-3.4,-0.3
Andre Drummond,C,27,TOT,26,736,20.2,.497,.021,.339,15.0,36.9,25.6,16.2,2.7,3.7,15.9,31.2,,-0.9,1.4,0.6,.039,,-0.8,0.2,-0.7,0.3
Andre Drummond,C,27,CLE,25,722,20.8,.500,.021,.339,15.2,37.4,26.1,16.1,2.7,3.6,15.6,31.2,,-0.7,1.4,0.7,.047,,-0.5,0.2,-0.3,0.3
Andre Drummond,C,27,LAL,1,14,-10.6,.291,.000,.333,0.0,7.8,4.0,20.4,0.0,6.3,30.4,30.6,,-0.1,0.0,-0.1,-0.384,,-15.5,-3.3,-18.8,-0.1
Jared Dudley,PF,35,LAL,11,76,5.5,.429,.714,.000,6.0,21.5,13.9,8.1,0.6,1.2,22.2,5.1,,0.0,0.1,0.1,.083,,-3.8,0.2,-3.6,0.0
Kevin Durant,PF,32,BRK,19,679,25.4,.652,.315,.404,1.2,20.8,11.5,23.9,1.0,3.5,13.7,31.5,,2.0,0.7,2.7,.189,,5.4,0.0,5.4,1.2
Anthony Edwards,SG,19,MIN,51,1581,11.9,.493,.414,.194,2.7,12.8,7.6,13.5,1.6,1.2,10.8,27.2,,-1.6,0.9,-0.7,-0.022,,-2.1,-2.1,-4.2,-0.9
Carsen Edwards,SG,22,BOS,20,191,12.9,.558,.524,.110,1.2,10.0,5.5,7.1,1.3,0.5,3.4,20.1,,0.2,0.1,0.4,.090,,-2.3,-1.6,-3.9,-0.1
CJ Elleby,SF,20,POR,17,138,8.7,.452,.565,.239,6.0,11.3,8.6,3.0,2.1,2.0,5.6,16.8,,0.0,0.1,0.0,.014,,-4.6,-1.6,-6.2,-0.1
Henry Ellenson,PF,24,TOR,2,38,12.8,.476,.643,.286,8.4,26.8,17.3,19.0,0.0,0.0,0.0,17.9,,0.1,0.0,0.1,.130,,-3.1,1.0,-2.1,0.0
Wayne Ellington,SG,33,DET,36,820,12.7,.630,.797,.110,1.2,8.2,4.6,9.8,0.9,0.9,8.1,17.0,,1.1,0.4,1.6,.093,,1.5,-1.7,-0.2,0.4
Joel Embiid,C,26,PHI,32,1039,31.4,.647,.164,.649,7.7,30.0,19.2,17.4,1.7,3.9,12.3,34.4,,4.1,2.1,6.2,.289,,6.8,1.5,8.3,2.7
James Ennis,SF,30,ORL,33,784,13.2,.628,.419,.325,4.9,12.9,8.8,9.4,1.8,0.7,12.1,13.7,,1.2,0.7,1.9,.114,,-1.6,0.2,-1.4,0.1
Drew Eubanks,C,23,SAS,30,388,14.2,.566,.010,.437,5.9,22.9,14.2,9.3,0.8,6.7,16.3,16.5,,0.1,0.6,0.7,.088,,-3.2,1.6,-1.5,0.1
Dante Exum,SG,25,CLE,6,116,6.0,.428,.423,.077,1.9,14.8,8.2,15.7,1.7,1.6,20.7,12.7,,-0.1,0.1,0.0,-0.019,,-4.8,1.7,-3.1,0.0
,,,,,,,,,,,,,,,,,,,,,,,,,,,
Tacko Fall,C,25,BOS,14,91,21.3,.662,.000,.565,13.3,32.2,22.7,3.2,0.0,12.5,12.2,15.5,,0.2,0.2,0.3,.183,,-1.0,1.6,0.6,0.1
Derrick Favors,C,29,UTA,48,748,20.3,.654,.005,.377,15.0,22.0,18.7,7.2,1.6,5.1,11.2,13.8,,2.3,1.5,3.8,.242,,0.4,1.8,2.2,0.8
Cristiano Felício,C,28,CHI,9,43,17.0,.714,.000,2.500,15.8,17.8,16.8,14.4,2.2,0.0,26.3,11.4,,0.1,0.0,0.2,.178,,1.2,1.3,2.4,0.0
Terrance Ferguson,SG,22,PHI,13,49,-7.1,.143,.714,.000,0.0,2.2,1.1,4.9,1.0,0.0,36.4,9.6,,-0.2,0.0,-0.2,-0.160,,-12.1,-2.7,-14.8,-0.2
Bruno Fernando,C,22,ATL,24,171,6.0,.485,.071,.571,8.5,32.0,20.5,6.9,0.6,1.5,32.7,13.2,,-0.3,0.2,-0.1,-0.016,,-5.7,-0.6,-6.3,-0.2
Yogi Ferrell,PG,27,CLE,2,40,12.6,.434,.429,.095,8.2,11.5,9.8,20.9,3.7,2.3,12.1,27.1,,-0.1,0.1,0.0,-0.027,,-1.9,0.4,-1.5,0.0
Dorian Finney-Smith,PF,27,DAL,38,1206,10.8,.575,.649,.096,5.6,12.5,9.1,6.6,1.3,1.1,7.3,11.7,,1.5,1.0,2.5,.101,,-0.6,-0.1,-0.8,0.4
Malachi Flynn,PG,22,TOR,25,302,6.6,.408,.490,.112,0.4,11.6,5.8,18.1,2.1,1.0,11.2,16.6,,-0.4,0.3,-0.1,-0.018,,-5.8,0.1,-5.7,-0.3
Bryn Forbes,SG,27,MIL,48,914,11.4,.610,.646,.096,1.0,6.0,3.6,4.1,0.7,0.0,6.8,18.2,,1.1,0.4,1.6,.081,,0.0,-2.3,-2.3,-0.1
Trent Forrest,PG,22,UTA,13,72,10.6,.504,.200,.133,0.0,9.9,5.1,29.2,2.7,0.0,23.9,12.5,,0.0,0.1,0.1,.097,,-4.4,2.3,-2.1,0.0
Evan Fournier,SF-SG,28,TOT,30,902,17.5,.602,.518,.312,0.6,9.2,4.8,19.1,1.7,1.3,11.1,25.0,,1.4,0.7,2.1,.111,,1.6,-0.5,1.1,0.7
Evan Fournier,SF,28,ORL,26,787,18.4,.604,.509,.333,0.6,9.6,5.0,20.6,1.7,1.1,11.3,26.2,,1.3,0.6,1.9,.116,,2.1,-0.8,1.3,0.6
Evan Fournier,SG,28,BOS,4,115,11.5,.578,.605,.105,0.0,6.9,3.4,8.4,2.1,2.5,9.1,16.4,,0.1,0.1,0.2,.082,,-1.4,1.3,-0.1,0.1
De'Aaron Fox,PG,23,SAC,50,1738,20.3,.566,.296,.373,1.7,8.9,5.2,32.3,1.9,1.2,12.4,30.6,,3.0,0.3,3.4,.093,,2.8,-1.6,1.2,1.4
Tim Frazier,PG,30,MEM,3,33,0.3,.250,.250,.000,0.0,13.3,6.5,25.8,1.4,0.0,27.3,14.0,,-0.1,0.0,-0.1,-0.110,,-10.9,-2.6,-13.6,-0.1
Markelle Fultz,PG,22,ORL,8,215,12.1,.458,.154,.183,2.3,10.0,6.0,32.8,1.8,0.9,13.8,26.2,,-0.2,0.2,-0.1,-0.012,,-2.9,-1.7,-4.6,-0.1
Wenyen Gabriel,PF,23,NOP,7,31,-1.0,.085,.200,.400,14.5,21.4,18.0,18.2,0.0,0.0,40.5,13.6,,-0.1,0.0,-0.1,-0.187,,-8.0,-3.0,-11.0,-0.1
Daniel Gafford,PF-C,22,TOT,33,411,20.1,.711,.000,.460,13.4,17.3,15.4,5.7,1.4,8.1,17.2,15.1,,0.9,0.7,1.6,.186,,-0.2,1.8,1.6,0.4
Daniel Gafford,PF,22,CHI,31,383,18.8,.700,.000,.471,13.0,16.9,15.0,6.1,1.4,7.6,17.3,14.2,,0.8,0.6,1.4,.179,,-0.9,1.4,0.5,0.2
Daniel Gafford,C,22,WAS,2,28,38.6,.789,.000,.385,18.7,22.8,20.7,0.0,1.6,15.0,16.5,27.0,,0.1,0.1,0.2,.284,,9.4,6.9,16.3,0.1
Danilo Gallinari,PF,32,ATL,37,883,15.8,.612,.558,.377,1.1,17.3,9.4,9.2,1.1,0.7,8.3,21.4,,1.8,0.7,2.5,.137,,1.3,-0.9,0.5,0.5
Langston Galloway,SG,29,PHO,34,377,12.6,.634,.587,.140,1.5,8.7,5.2,8.7,0.8,0.0,7.9,16.5,,0.6,0.3,0.9,.117,,0.5,-0.8,-0.3,0.2
Darius Garland,PG,21,CLE,41,1364,13.3,.540,.312,.164,1.6,6.5,4.0,29.1,1.7,0.3,16.4,24.3,,0.0,0.8,0.8,.028,,-0.4,-1.8,-2.2,-0.1
Marc Gasol,C,36,LAL,41,805,11.1,.566,.631,.263,4.0,18.4,11.3,13.7,1.3,5.4,20.1,12.1,,0.3,1.6,2.0,.118,,-1.9,3.1,1.2,0.6
,,,,,,,,,,,,,,,,,,,,,,,,,,,
Rudy Gay,PF,34,SAS,41,897,14.9,.529,.433,.170,3.9,20.3,11.9,10.7,1.7,2.3,8.8,23.2,,0.1,1.1,1.2,.066,,0.1,-0.1,0.0,0.4
Paul George,SF,30,LAC,38,1268,20.6,.602,.442,.226,3.0,18.0,10.6,25.4,1.7,1.2,14.7,28.6,,2.4,1.5,3.9,.148,,4.4,-0.4,3.9,1.9
Taj Gibson,PF,35,NYK,24,482,14.2,.642,.177,.418,9.6,17.2,13.4,4.7,1.8,4.2,13.0,9.9,,0.8,0.8,1.6,.162,,-1.7,1.9,0.1,0.3
Harry Giles,C,22,POR,26,293,12.0,.514,.183,.282,9.9,33.9,21.4,10.2,1.0,3.1,18.4,14.4,,0.1,0.3,0.4,.071,,-3.7,-0.4,-4.1,-0.2
Shai Gilgeous-Alexander,SG,22,OKC,35,1180,21.9,.623,.301,.405,1.7,13.0,7.4,31.3,1.1,1.7,13.7,28.3,,2.8,0.9,3.7,.151,,3.8,0.0,3.8,1.7
Anthony Gill,PF,28,WAS,15,85,7.2,.354,.611,.222,9.8,21.3,15.5,5.9,2.2,2.0,16.8,11.6,,-0.1,0.1,0.0,-0.001,,-4.7,-1.1,-5.8,-0.1
Rudy Gobert,C,28,UTA,50,1537,23.8,.666,.007,.695,12.0,32.7,22.7,6.1,0.8,7.5,12.6,17.5,,4.3,3.6,7.9,.247,,2.0,2.4,4.4,2.5
Brandon Goodwin,PG,25,ATL,32,355,9.1,.466,.492,.182,1.6,8.5,5.1,21.1,1.7,0.0,11.8,19.7,,-0.1,0.2,0.1,.016,,-2.7,-0.6,-3.3,-0.1
Aaron Gordon,PF,25,TOT,29,855,15.8,.551,.364,.343,5.1,18.0,11.4,21.3,1.2,2.7,15.7,22.9,,0.3,0.9,1.2,.065,,0.8,0.4,1.2,0.7
Aaron Gordon,PF,25,ORL,25,736,15.1,.537,.382,.358,5.3,18.6,11.7,22.7,1.1,2.6,16.5,23.9,,0.0,0.7,0.7,.048,,0.6,0.0,0.6,0.5
Aaron Gordon,PF,25,DEN,4,119,20.2,.663,.231,.231,3.9,14.2,9.1,12.3,2.1,3.3,8.5,17.3,,0.3,0.1,0.4,.170,,2.6,2.6,5.2,0.2
Eric Gordon,SG,32,HOU,27,789,14.6,.577,.572,.311,1.0,7.0,3.9,14.9,0.8,1.5,10.9,25.3,,0.6,0.4,1.0,.058,,0.9,-1.5,-0.6,0.3
Devonte' Graham,PG,25,CHO,39,1161,14.0,.542,.685,.235,1.6,8.5,5.0,24.8,1.7,0.3,10.4,20.5,,1.5,0.7,2.2,.092,,0.9,-0.9,0.1,0.6
Jerami Grant,SF,26,DET,47,1621,17.0,.557,.364,.364,2.2,13.7,7.8,14.3,1.0,2.9,8.9,27.9,,1.7,1.4,3.1,.092,,2.1,-1.1,1.1,1.2
Danny Green,SF,33,PHI,50,1420,11.9,.581,.789,.072,3.3,10.8,7.1,8.0,2.2,2.7,11.5,14.1,,1.1,2.2,3.2,.109,,0.1,1.1,1.2,1.1
Draymond Green,PF,30,GSW,42,1273,12.3,.502,.343,.233,3.1,19.7,11.4,36.6,2.4,2.2,30.8,13.1,,0.4,1.9,2.3,.086,,-2.1,2.7,0.6,0.8
JaMychal Green,PF,30,DEN,37,687,14.8,.594,.531,.169,9.4,22.6,16.0,6.2,1.4,1.8,12.4,19.0,,0.9,0.8,1.7,.118,,-0.1,-1.8,-1.9,0.0
Javonte Green,SG-PG,27,TOT,27,368,11.4,.600,.303,.395,6.6,11.0,8.8,4.3,2.7,1.0,15.2,12.3,,0.3,0.4,0.7,.089,,-2.2,1.0,-1.2,0.1
Javonte Green,SG,27,BOS,25,345,12.0,.624,.310,.423,6.4,10.5,8.4,4.2,2.6,0.5,13.4,12.1,,0.4,0.3,0.7,.104,,-1.7,0.8,-0.9,0.1
Javonte Green,PG,27,CHI,2,23,2.4,.200,.200,.000,9.8,19.1,14.5,5.2,4.2,7.5,37.5,14.9,,-0.1,0.1,-0.1,-0.135,,-9.4,2.9,-6.5,0.0
Jeff Green,C,34,BRK,47,1264,12.1,.619,.476,.288,2.1,13.1,7.8,6.7,1.0,1.2,8.6,14.8,,1.8,0.8,2.5,.095,,-0.4,-1.0,-1.4,0.2
Josh Green,SG,20,DAL,25,276,7.2,.487,.286,.268,6.5,13.2,9.9,6.7,1.2,0.7,18.3,12.3,,-0.1,0.2,0.1,.020,,-4.4,-0.4,-4.8,-0.2
Blake Griffin,PF,31,TOT,26,743,11.3,.519,.539,.295,1.7,18.6,10.1,18.1,1.3,0.5,11.7,19.1,,0.2,0.6,0.8,.053,,-1.1,-0.4,-1.5,0.1
Blake Griffin,PF,31,DET,20,626,9.9,.491,.559,.279,1.2,17.7,9.3,18.6,1.1,0.3,11.4,19.6,,-0.1,0.5,0.4,.027,,-1.5,-1.1,-2.6,-0.1
Blake Griffin,PF,31,BRK,6,117,18.6,.703,.406,.406,4.0,23.8,14.4,15.2,2.1,1.5,13.7,16.3,,0.3,0.1,0.5,.190,,1.2,2.9,4.1,0.2
Kyle Guy,PG,23,SAC,21,148,11.9,.506,.554,.214,2.2,14.4,8.2,17.1,1.3,0.0,6.1,18.9,,0.1,0.0,0.2,.052,,-2.3,-1.4,-3.7,-0.1
,,,,,,,,,,,,,,,,,,,,,,,,,,,
Rui Hachimura,PF,22,WAS,40,1269,12.0,.557,.229,.279,2.8,16.7,9.7,7.3,1.1,0.2,8.8,18.4,,0.7,0.8,1.5,.058,,-1.6,-1.5,-3.1,-0.3
Ashton Hagans,PG,21,MIN,2,4,-12.5,,,,0.0,0.0,0.0,0.0,0.0,0.0,100.0,10.5,,0.0,0.0,0.0,-0.354,,-13.8,-7.9,-21.7,0.0
Tyrese Haliburton,PG,20,SAC,45,1362,16.7,.599,.490,.085,2.9,9.2,6.0,23.1,2.0,1.6,12.0,17.5,,2.6,0.3,2.9,.103,,2.2,-0.7,1.5,1.2
Josh Hall,SF,20,OKC,12,148,-1.2,.344,.436,.692,0.7,15.6,8.1,15.5,0.0,0.0,21.6,19.0,,-0.6,0.1,-0.5,-0.159,,-10.3,-2.6,-12.9,-0.4
R.J. Hampton,PG-SG,19,TOT,30,345,9.5,.497,.274,.208,4.5,18.7,11.5,8.9,1.4,0.8,12.8,16.7,,-0.1,0.3,0.2,.029,,-3.9,-0.7,-4.6,-0.2
R.J. Hampton,PG,19,DEN,25,233,7.8,.490,.300,.200,4.9,19.3,12.2,7.6,1.1,0.8,14.4,14.3,,-0.1,0.2,0.1,.029,,-4.5,-1.0,-5.6,-0.2
R.J. Hampton,SG,19,ORL,5,112,13.0,.506,.239,.217,3.6,17.3,10.2,11.6,2.2,0.8,10.6,21.8,,-0.1,0.1,0.1,.029,,-2.5,-0.1,-2.6,0.0
Tim Hardaway Jr.,SG,28,DAL,48,1394,15.4,.585,.573,.176,1.2,11.6,6.5,9.0,0.9,0.4,5.8,23.0,,2.0,0.9,2.9,.100,,1.7,-1.6,0.1,0.7
James Harden,PG-SG,31,TOT,42,1558,24.7,.616,.453,.438,2.6,20.8,12.0,44.4,1.5,1.6,16.7,28.8,,5.2,1.6,6.8,.210,,6.1,0.4,6.5,3.3
James Harden,SG,31,HOU,8,290,22.8,.613,.533,.444,1.8,13.8,7.5,47.8,1.1,1.8,17.4,28.8,,0.8,0.2,1.0,.169,,5.6,-1.0,4.6,0.5
James Harden,PG,31,BRK,34,1268,25.2,.616,.434,.436,2.8,22.4,13.0,43.6,1.6,1.6,16.6,28.8,,4.4,1.4,5.8,.219,,6.3,0.7,7.0,2.8
Maurice Harkless,SF-PF,27,TOT,17,219,5.0,.533,.697,.182,1.6,9.5,5.6,7.6,0.9,2.3,14.4,8.3,,0.0,0.1,0.2,.033,,-4.4,-0.6,-5.0,-0.2
Maurice Harkless,SF,27,MIA,11,124,4.6,.540,.846,.154,1.9,9.6,5.9,7.5,0.8,3.4,17.8,6.1,,0.0,0.1,0.1,.052,,-3.5,0.5,-3.0,0.0
Maurice Harkless,PF,27,SAC,6,95,5.6,.528,.600,.200,1.1,9.4,5.2,7.8,1.0,0.9,12.1,11.2,,0.0,0.0,0.0,.008,,-5.6,-2.1,-7.6,-0.1
Jared Harper,PG,23,NYK,4,9,-11.2,.347,.000,1.000,0.0,0.0,0.0,0.0,0.0,0.0,41.0,24.0,,-0.1,0.0,-0.1,-0.369,,-15.2,-8.1,-23.2,0.0
Montrezl Harrell,C,27,LAL,50,1259,23.4,.656,.020,.410,11.6,18.4,15.1,7.2,1.3,2.7,9.0,21.8,,3.9,2.3,6.2,.236,,2.8,0.4,3.2,1.6
Gary Harris,SG,26,DEN,19,581,9.4,.544,.481,.192,2.6,6.6,4.6,7.1,1.5,0.7,7.6,13.8,,0.4,0.3,0.8,.063,,-2.1,-1.5,-3.6,-0.2
Jalen Harris,SG,22,TOR,4,14,6.9,.375,.500,.000,7.6,16.2,11.7,19.0,3.4,0.0,20.0,15.4,,0.0,0.0,0.0,.001,,-5.4,1.3,-4.0,0.0
Joe Harris,SF,29,BRK,51,1581,14.5,.673,.652,.085,2.4,10.4,6.6,7.9,0.9,0.6,6.9,16.0,,3.4,0.7,4.1,.126,,2.0,-1.5,0.6,1.0
Tobias Harris,PF,28,PHI,45,1501,20.9,.613,.234,.230,3.5,20.1,12.0,17.6,1.3,2.2,10.1,24.1,,3.5,2.2,5.7,.184,,3.3,0.8,4.0,2.3
Shaquille Harrison,SG,27,UTA,17,56,6.6,.375,.100,.300,5.9,10.9,8.5,21.4,1.7,0.0,18.1,21.2,,-0.1,0.1,0.0,-0.033,,-6.5,-1.3,-7.9,-0.1
Josh Hart,SF,25,NOP,47,1349,12.4,.566,.561,.259,4.4,26.5,15.6,10.5,1.4,0.9,11.3,13.6,,1.5,1.1,2.6,.092,,-1.1,0.0,-1.1,0.3
Isaiah Hartenstein,C,22,TOT,34,362,16.8,.560,.046,.472,14.2,23.8,18.9,10.5,1.5,6.6,15.0,18.5,,0.5,0.6,1.0,.137,,-3.1,0.4,-2.8,-0.1
Isaiah Hartenstein,C,22,DEN,30,272,15.7,.543,.000,.450,16.9,18.6,17.8,7.4,2.0,7.2,18.0,18.8,,0.2,0.4,0.7,.115,,-4.2,-0.1,-4.3,-0.2
Isaiah Hartenstein,C,22,CLE,4,90,20.2,.607,.179,.536,6.1,39.5,22.3,19.7,0.0,5.0,5.5,17.7,,0.2,0.1,0.4,.201,,0.0,1.9,2.0,0.1
Jaxson Hayes,C,20,NOP,37,527,17.2,.706,.016,.465,8.9,18.6,13.8,5.8,1.2,3.5,13.1,14.2,,1.3,0.4,1.7,.159,,-0.8,0.1,-0.6,0.2
Killian Hayes,PG,19,DET,9,193,1.4,.342,.424,.034,1.1,8.3,4.6,25.8,1.5,0.9,26.0,18.3,,-0.7,0.1,-0.5,-0.132,,-8.4,-2.7,-11.1,-0.4
Gordon Hayward,SF,30,CHO,44,1496,17.7,.584,.312,.281,2.7,16.1,9.3,19.4,1.7,0.9,11.0,23.8,,2.3,1.4,3.7,.118,,1.9,-0.5,1.4,1.3
,,,,,,,,,,,,,,,,,,,,,,,,,,,
Juan Hernangómez,PF,25,MIN,32,533,12.7,.546,.532,.324,6.0,22.6,13.9,5.2,1.2,0.3,6.6,16.7,,0.5,0.3,0.8,.072,,-1.1,-1.9,-3.0,-0.1
Willy Hernangómez,C,26,NOP,27,443,19.2,.558,.057,.326,16.5,27.4,22.0,9.5,1.0,2.6,8.5,16.9,,1.0,0.4,1.4,.148,,1.0,-2.0,-1.0,0.1
Tyler Herro,SG,21,MIA,39,1241,12.4,.524,.418,.188,1.9,15.7,9.0,17.6,1.0,1.3,12.0,23.7,,-0.4,1.4,1.0,.039,,-1.1,-1.1,-2.3,-0.1
Buddy Hield,SG,28,SAC,51,1764,11.9,.555,.733,.102,1.3,13.4,7.3,12.6,1.1,0.8,10.5,20.6,,0.9,0.2,1.0,.028,,0.3,-2.0,-1.7,0.1
George Hill,PG,34,OKC,14,369,16.1,.630,.475,.208,2.3,6.0,4.1,18.2,1.6,0.5,8.4,16.8,,0.8,0.2,1.0,.136,,0.9,-0.5,0.4,0.2
Solomon Hill,PF,29,ATL,49,944,6.8,.512,.760,.138,3.2,10.1,6.7,6.2,1.7,0.7,12.2,10.9,,0.1,0.7,0.7,.038,,-2.8,0.0,-2.8,-0.2
Nate Hinton,SG,21,DAL,11,41,10.3,.439,.316,.316,0.0,7.8,4.0,14.4,4.8,2.3,15.6,27.8,,-0.1,0.1,-0.1,-0.071,,-5.1,1.8,-3.3,0.0
Jaylen Hoard,F,21,OKC,1,22,11.7,.460,.100,.200,19.0,9.5,14.3,0.0,2.2,4.0,21.6,27.3,,-0.1,0.0,0.0,-0.078,,-3.0,-3.5,-6.5,0.0
Aaron Holiday,PG,24,IND,46,798,8.6,.484,.426,.152,1.1,6.9,4.0,13.8,1.7,0.6,9.8,19.9,,-0.5,0.6,0.1,.004,,-3.6,-1.0,-4.6,-0.5
Jrue Holiday,PG,30,MIL,38,1203,20.2,.601,.360,.150,4.3,10.7,7.6,24.2,2.7,1.5,12.2,21.4,,2.8,1.6,4.4,.175,,2.7,1.1,3.8,1.8
Justin Holiday,SG,31,IND,48,1524,10.9,.579,.726,.148,1.9,11.3,6.6,7.0,2.0,0.9,8.3,14.4,,1.1,1.4,2.5,.077,,-0.4,-0.1,-0.5,0.6
Richaun Holmes,C,27,SAC,47,1424,20.3,.673,.020,.284,9.6,23.4,16.4,8.1,1.0,4.6,10.3,16.6,,4.0,1.0,4.9,.166,,0.7,-0.2,0.5,0.9
Rodney Hood,SF,28,TOT,42,797,5.3,.450,.433,.078,2.5,8.1,5.2,7.9,1.3,0.6,12.8,13.9,,-0.6,0.1,-0.5,-0.031,,-5.6,-1.8,-7.4,-1.1
Rodney Hood,SF,28,POR,38,726,5.1,.436,.418,.060,2.6,8.4,5.4,8.7,1.3,0.5,13.1,14.1,,-0.7,0.1,-0.6,-0.038,,-5.7,-2.0,-7.6,-1.0
Rodney Hood,SF,28,TOR,4,71,6.9,.604,.625,.313,1.5,4.8,3.1,0.0,0.7,1.4,9.9,12.3,,0.0,0.0,0.1,.041,,-4.4,-0.8,-5.1,-0.1
Al Horford,C,34,OKC,28,782,17.7,.538,.422,.061,3.9,21.3,12.6,20.1,1.5,2.9,7.3,22.0,,0.7,1.0,1.7,.106,,1.9,1.4,3.3,1.0
Talen Horton-Tucker,SG,20,LAL,46,868,12.1,.518,.259,.217,2.5,12.9,7.8,17.3,2.2,2.0,15.0,21.4,,-0.3,1.6,1.3,.073,,-3.1,1.4,-1.7,0.1
Danuel House,SF,27,HOU,31,843,9.5,.532,.570,.242,2.2,13.6,7.6,10.2,1.1,1.5,10.0,15.2,,0.2,0.6,0.8,.044,,-2.4,-0.3,-2.7,-0.1
Dwight Howard,C,35,PHI,50,876,16.7,.605,.063,.701,16.9,34.4,25.9,6.3,1.2,4.7,23.1,18.3,,0.7,1.9,2.5,.138,,-2.9,0.3,-2.6,-0.1
Markus Howard,SG,21,DEN,22,76,-5.2,.287,.707,.049,0.0,10.4,5.2,13.5,1.3,0.0,12.5,27.6,,-0.5,0.0,-0.4,-0.257,,-13.4,-5.3,-18.7,-0.3
Kevin Huerter,SG,22,ATL,50,1540,11.6,.533,.546,.094,2.3,9.4,5.9,16.3,1.9,0.6,10.2,17.1,,1.2,1.1,2.3,.071,,-1.0,-0.1,-1.1,0.4
Elijah Hughes,SF,22,UTA,10,38,12.5,.557,.722,.222,0.0,16.0,8.3,15.6,1.3,2.1,20.2,28.0,,0.0,0.1,0.0,.017,,-0.2,-0.2,-0.4,0.0
,,,,,,,,,,,,,,,,,,,,,,,,,,,
De'Andre Hunter,SF,23,ATL,20,625,16.5,.625,.390,.336,2.9,14.8,8.9,10.3,1.4,1.4,9.5,19.6,,1.3,0.5,1.8,.138,,1.5,0.2,1.7,0.6
Chandler Hutchison,SF,24,TOT,12,163,1.9,.391,.255,.176,2.6,25.2,13.9,5.5,1.1,0.0,20.3,17.8,,-0.5,0.2,-0.4,-0.107,,-9.0,-1.8,-10.8,-0.4
Chandler Hutchison,SF,24,CHI,7,64,0.4,.344,.167,.111,1.8,32.5,17.4,7.8,0.7,0.0,20.9,16.0,,-0.2,0.1,-0.1,-0.105,,-9.4,-1.5,-10.9,-0.1
Chandler Hutchison,SF,24,WAS,5,99,2.8,.416,.303,.212,3.2,20.4,11.7,4.0,1.4,0.0,20.0,18.9,,-0.3,0.1,-0.2,-0.109,,-8.7,-1.9,-10.6,-0.2
Serge Ibaka,C,31,LAC,39,919,17.7,.582,.311,.130,8.5,23.2,15.9,10.9,0.5,4.4,10.7,19.8,,1.5,1.2,2.7,.142,,1.0,-0.5,0.4,0.6
Andre Iguodala,SF,37,MIA,45,960,9.6,.521,.750,.179,3.6,16.3,10.2,13.7,2.3,2.3,19.1,11.5,,-0.1,1.5,1.5,.073,,-2.5,2.1,-0.4,0.4
Ersan İlyasova,PF,33,UTA,5,30,9.0,.446,.818,.273,11.0,13.5,12.3,8.8,1.6,0.0,7.5,19.1,,0.0,0.0,0.1,.092,,-6.5,-1.4,-7.9,0.0
Joe Ingles,SF,33,UTA,46,1217,17.3,.732,.717,.159,1.8,12.4,7.3,22.0,1.3,0.6,16.5,15.7,,3.7,1.5,5.2,.203,,3.4,1.1,4.5,2.0
Brandon Ingram,SF,23,NOP,46,1583,20.0,.592,.346,.284,1.9,13.9,7.9,21.6,0.9,2.0,10.6,27.9,,3.6,0.7,4.3,.129,,3.9,-1.5,2.4,1.7
Kyrie Irving,PG,28,BRK,36,1286,25.0,.613,.335,.184,3.7,11.4,7.7,29.3,1.7,1.4,9.2,30.7,,4.3,1.0,5.2,.195,,5.8,-0.6,5.2,2.3
Wesley Iwundu,SF,26,TOT,27,361,5.2,.440,.414,.271,2.5,14.0,8.4,4.9,1.6,0.8,12.3,10.9,,-0.2,0.3,0.1,.010,,-5.7,0.1,-5.6,-0.3
Wesley Iwundu,SF,26,DAL,23,288,4.9,.421,.442,.269,2.3,14.1,8.4,4.4,1.5,1.0,9.4,9.9,,-0.2,0.3,0.1,.016,,-5.6,0.4,-5.1,-0.2
Wesley Iwundu,SF,26,NOP,4,73,6.2,.495,.333,.278,3.1,13.6,8.4,7.0,2.0,0.0,19.8,14.7,,-0.1,0.0,0.0,-0.014,,-6.4,-1.1,-7.5,-0.1
Frank Jackson,PG,22,DET,21,294,10.8,.584,.528,.213,3.0,10.5,6.6,8.1,0.8,0.0,12.6,20.0,,0.1,0.2,0.3,.044,,-1.8,-1.9,-3.7,-0.1
Josh Jackson,SG,23,DET,45,1098,12.3,.511,.360,.292,4.4,14.4,9.3,14.6,1.9,2.7,14.4,26.2,,-1.0,1.2,0.2,.009,,-2.4,-0.6,-3.0,-0.3
Justin Jackson,SF,25,OKC,33,544,10.9,.519,.524,.165,2.7,11.0,6.8,14.5,1.3,0.3,12.0,20.5,,-0.1,0.4,0.3,.023,,-2.0,-1.0,-2.9,-0.1
Reggie Jackson,SG,30,LAC,48,1030,13.3,.564,.468,.149,1.8,11.9,6.9,19.2,1.3,0.3,11.7,19.5,,1.3,0.9,2.2,.103,,-0.3,-0.7,-1.0,0.3
Justin James,SF,24,SAC,25,151,7.5,.486,.405,.286,2.2,5.9,4.0,12.8,1.0,0.5,11.3,15.1,,0.0,0.0,-0.1,-0.018,,-3.3,-2.5,-5.7,-0.1
LeBron James,PG,36,LAL,41,1388,24.7,.605,.352,.316,2.0,23.5,12.9,41.3,1.5,1.5,15.0,31.7,,3.1,2.6,5.7,.196,,6.1,1.7,7.8,3.4
DaQuan Jeffries,SG,23,SAC,18,232,7.3,.524,.491,.123,4.2,9.7,6.9,3.3,1.4,1.4,11.8,12.6,,0.0,0.0,0.0,.004,,-3.9,-1.8,-5.6,-0.2
Ty Jerome,SG,23,OKC,17,437,12.0,.552,.593,.079,2.4,10.1,6.2,20.9,1.3,0.4,10.5,16.0,,0.4,0.3,0.7,.080,,-1.0,-0.4,-1.3,0.1
Isaiah Joe,SG,21,PHI,26,272,9.0,.511,.780,.099,2.5,7.9,5.2,8.4,1.2,1.3,5.0,15.7,,0.2,0.3,0.5,.082,,-2.3,-1.0,-3.3,-0.1
Alize Johnson,PF,24,BRK,4,55,32.2,.700,.077,.038,17.0,37.0,27.5,12.9,1.8,0.0,3.6,21.8,,0.3,0.1,0.4,.306,,7.6,2.9,10.5,0.2
Cameron Johnson,PF,24,PHO,43,991,13.1,.593,.689,.118,2.7,12.5,7.8,7.8,1.2,1.3,7.8,17.3,,1.1,1.1,2.2,.108,,0.9,-0.4,0.5,0.6
,,,,,,,,,,,,,,,,,,,,,,,,,,,
James Johnson,PF,33,TOT,32,595,13.5,.546,.409,.221,3.0,15.2,9.2,14.5,2.3,4.8,14.2,17.2,,0.2,0.8,1.1,.085,,-1.4,2.1,0.7,0.4
James Johnson,PF,33,DAL,29,504,12.3,.526,.414,.200,3.1,15.3,9.3,13.9,2.3,4.3,14.6,16.3,,0.0,0.7,0.8,.074,,-2.1,2.2,0.1,0.3
James Johnson,F,33,NOP,3,91,20.4,.624,.389,.306,2.5,14.6,8.6,17.9,2.1,7.5,12.8,21.9,,0.2,0.1,0.3,.145,,2.2,1.6,3.8,0.1
Keldon Johnson,SF,21,SAS,45,1297,14.7,.555,.254,.284,5.7,18.6,12.0,9.2,0.9,1.5,8.5,19.7,,1.2,1.2,2.5,.091,,-0.5,-1.1,-1.6,0.1
Stanley Johnson,PF,24,TOR,44,629,7.9,.522,.615,.162,3.4,14.9,9.0,11.4,2.2,2.1,19.3,10.7,,0.0,0.7,0.7,.054,,-3.8,1.1,-2.7,-0.1
Tyler Johnson,SG,28,BRK,31,522,8.4,.552,.711,.134,1.1,11.1,6.3,7.1,1.1,0.0,8.0,13.6,,0.3,0.2,0.5,.050,,-2.4,-1.4,-3.7,-0.2
Nikola Jokić,C,25,DEN,49,1748,31.0,.645,.190,.261,9.2,25.6,17.5,39.8,2.1,1.7,13.1,28.9,,8.5,2.4,10.9,.300,,9.0,2.5,11.5,5.9
Damian Jones,C,25,TOT,22,206,12.4,.754,.030,.697,8.4,15.3,11.9,3.1,0.5,5.2,20.3,11.6,,0.3,0.3,0.7,.155,,-4.2,1.5,-2.7,0.0
Damian Jones,C,25,PHO,14,94,6.7,.528,.063,.688,8.6,12.7,10.8,5.3,0.5,4.8,22.4,12.7,,0.0,0.1,0.1,.051,,-7.2,1.1,-6.1,-0.1
Damian Jones,C,25,LAL,8,112,17.2,.965,.000,.706,8.1,17.5,12.9,1.3,0.4,5.5,18.3,10.6,,0.4,0.2,0.6,.242,,-1.6,1.8,0.2,0.1
Derrick Jones Jr.,SF,23,POR,44,1130,12.6,.581,.451,.292,6.5,11.3,8.8,4.6,1.4,3.8,8.3,12.4,,1.6,0.6,2.2,.093,,-1.3,-0.2,-1.5,0.1
Mason Jones,SG,22,TOT,27,316,12.1,.556,.547,.487,2.0,16.5,8.9,19.5,0.9,0.3,16.5,23.0,,0.0,0.2,0.2,.029,,-1.3,-1.2,-2.5,0.0
Mason Jones,SG,22,HOU,26,307,11.3,.546,.561,.500,1.3,17.0,8.9,19.4,0.9,0.3,16.8,23.2,,-0.1,0.2,0.1,.017,,-1.7,-1.3,-3.0,-0.1
Mason Jones,G,22,PHI,1,9,37.8,1.000,.000,.000,25.1,0.0,12.2,21.2,0.0,0.0,0.0,14.2,,0.1,0.0,0.1,.440,,12.9,1.5,14.4,0.0
Tre Jones,PG,21,SAS,23,105,10.8,.550,.028,.139,4.9,4.1,4.5,15.3,1.4,0.0,19.1,19.6,,0.0,0.1,0.0,.010,,-3.2,-2.8,-6.0,-0.1
Tyus Jones,PG,24,MEM,47,922,14.9,.500,.332,.089,1.9,10.8,6.2,28.6,2.6,0.5,10.4,16.7,,0.9,1.1,2.0,.105,,-0.4,0.7,0.3,0.5
DeAndre Jordan,C,32,BRK,46,1022,16.9,.743,.005,.320,10.6,25.1,18.1,9.9,0.7,4.8,23.0,12.8,,2.0,1.2,3.2,.148,,-0.2,0.8,0.6,0.7
Cory Joseph,PG,29,TOT,51,1104,11.1,.549,.342,.223,2.9,9.4,6.1,17.4,2.1,0.8,15.4,15.2,,0.7,0.4,1.1,.047,,-2.7,-0.3,-3.0,-0.3
Cory Joseph,PG,29,SAC,44,944,10.0,.534,.376,.188,2.9,8.8,5.8,14.8,2.0,0.8,14.0,14.3,,0.5,0.2,0.6,.033,,-3.0,-0.6,-3.7,-0.4
Cory Joseph,PG,29,DET,7,160,18.0,.619,.176,.392,2.7,12.8,7.7,32.9,3.1,1.1,21.1,20.7,,0.2,0.2,0.4,.134,,-0.3,1.7,1.4,0.1
Mfiondu Kabengele,PF,23,LAC,23,94,1.5,.390,.563,.188,1.2,15.3,8.4,6.9,1.1,2.8,14.8,19.1,,-0.3,0.1,-0.1,-0.074,,-9.2,-1.7,-10.9,-0.2
Frank Kaminsky,C,27,PHO,32,483,15.9,.557,.368,.190,5.3,21.6,13.7,15.0,1.0,2.4,7.4,18.8,,0.7,0.7,1.4,.140,,0.8,1.3,2.1,0.5
Enes Kanter,C,28,POR,49,1297,22.3,.634,.002,.282,16.7,31.0,23.6,7.3,1.0,2.4,11.1,17.3,,4.2,1.1,5.3,.198,,1.6,-2.0,-0.4,0.5
Luke Kennard,SG,24,LAC,45,884,13.2,.625,.548,.066,1.6,13.7,7.8,12.2,0.8,0.8,10.5,16.7,,1.4,0.7,2.1,.115,,0.6,-0.9,-0.2,0.4
Maxi Kleber,PF,29,DAL,36,1012,11.0,.628,.758,.177,3.5,17.6,10.7,6.5,0.9,2.5,9.0,10.3,,1.4,1.0,2.4,.114,,-0.5,0.1,-0.4,0.4
Nathan Knight,PF,23,ATL,20,147,16.8,.579,.327,.653,12.2,15.3,13.8,4.0,1.7,3.6,14.8,21.9,,0.2,0.2,0.4,.116,,-0.3,-0.8,-1.0,0.0
Kevin Knox,SF,21,NYK,33,433,9.3,.553,.624,.120,2.2,11.2,6.7,6.1,1.0,1.3,10.3,15.9,,0.1,0.5,0.6,.070,,-1.2,-0.3,-1.5,0.1
John Konchar,SG,24,MEM,24,334,12.6,.551,.352,.282,6.8,16.7,11.7,9.1,2.7,1.4,11.1,11.3,,0.4,0.5,0.9,.124,,-1.8,1.0,-0.9,0.1
,,,,,,,,,,,,,,,,,,,,,,,,,,,
Furkan Korkmaz,SG,23,PHI,39,741,11.0,.526,.601,.213,1.5,9.8,5.8,9.0,1.9,0.8,9.7,20.3,,0.1,0.9,1.0,.066,,-1.5,-0.4,-1.8,0.0
Luke Kornet,PF-C,25,TOT,18,164,11.4,.488,.714,.102,4.1,18.3,11.2,7.3,0.6,6.0,5.5,14.2,,0.0,0.2,0.2,.067,,-0.5,0.3,-0.2,0.1
Luke Kornet,PF,25,CHI,13,94,9.8,.452,.852,.148,1.2,16.3,8.9,5.4,1.0,6.4,3.4,13.6,,0.0,0.1,0.1,.043,,-0.3,0.8,0.5,0.1
Luke Kornet,C,25,BOS,5,70,13.5,.535,.545,.045,7.9,20.9,14.3,9.9,0.0,5.4,8.2,15.1,,0.1,0.1,0.1,.100,,-0.8,-0.4,-1.2,0.0
Rodions Kurucs,SF-PF,22,TOT,16,91,2.1,.322,.708,.083,2.2,14.5,8.3,8.6,3.1,3.9,26.6,15.9,,-0.4,0.1,-0.2,-0.125,,-8.8,1.8,-7.0,-0.1
Rodions Kurucs,PF,22,BRK,5,16,7.7,.500,.667,.000,0.0,20.1,10.5,15.1,0.0,0.0,0.0,8.2,,0.0,0.0,0.0,.082,,-1.2,0.4,-0.8,0.0
Rodions Kurucs,SF,22,HOU,11,75,0.9,.297,.714,.095,2.7,13.3,7.8,7.2,3.8,4.8,29.1,17.6,,-0.4,0.1,-0.3,-0.169,,-10.4,2.1,-8.3,-0.1
Kyle Kuzma,SF,25,LAL,49,1366,12.8,.537,.494,.120,7.5,19.5,13.6,9.0,0.8,1.7,12.8,21.1,,0.1,2.2,2.2,.079,,-0.4,-0.7,-1.0,0.3
Anthony Lamb,SF,23,HOU,9,119,1.7,.280,.588,.118,11.2,14.0,12.5,3.4,0.4,0.8,7.7,13.9,,-0.3,0.1,-0.2,-0.078,,-8.3,-2.9,-11.1,-0.2
Jeremy Lamb,SG,28,IND,28,602,16.2,.601,.468,.282,3.7,14.3,9.0,10.8,1.8,2.0,6.5,18.6,,1.2,0.6,1.8,.145,,1.3,0.2,1.5,0.5
Romeo Langford,SG,21,BOS,1,12,9.8,.375,.500,.000,9.2,0.0,4.6,10.7,4.1,7.9,20.0,18.0,,0.0,0.0,0.0,-0.029,,-2.1,1.9,-0.2,0.0
Zach LaVine,SG,25,CHI,47,1644,21.4,.637,.414,.272,2.0,13.5,7.9,22.6,1.1,1.0,14.6,30.9,,3.3,1.3,4.6,.135,,4.5,-1.2,3.4,2.2
Jake Layman,SF,26,MIN,37,560,11.3,.572,.421,.201,2.4,9.6,5.9,6.7,2.3,2.4,12.2,14.8,,0.1,0.4,0.6,.048,,-2.7,0.0,-2.7,-0.1
Jalen Lecque,PG,20,IND,4,12,4.8,.242,.111,.333,18.5,27.9,23.2,21.2,0.0,0.0,0.0,37.2,,-0.1,0.0,-0.1,-0.232,,-6.3,-6.8,-13.1,0.0
Damion Lee,SG,28,GSW,49,927,11.5,.625,.729,.169,2.1,15.3,8.7,9.9,1.4,0.6,8.3,12.7,,1.2,0.9,2.1,.109,,-0.8,0.2,-0.7,0.3
Saben Lee,PG,21,DET,29,455,14.9,.557,.102,.516,3.1,10.8,6.9,30.3,1.9,1.6,15.6,17.8,,0.6,0.4,1.0,.110,,-1.6,0.5,-1.2,0.1
Alex Len,C,27,TOT,41,638,16.1,.651,.121,.437,6.7,18.8,12.7,8.0,0.9,6.5,15.1,16.0,,0.8,0.8,1.6,.120,,-1.5,1.1,-0.4,0.3
Alex Len,C,27,TOR,7,76,4.3,.633,.600,.600,0.0,16.4,7.9,5.2,0.6,8.0,38.8,11.7,,-0.1,0.1,-0.1,-0.032,,-6.8,1.2,-5.6,-0.1
Alex Len,C,27,WAS,34,562,17.6,.652,.091,.427,7.6,19.1,13.3,8.4,0.9,6.3,13.0,16.6,,1.0,0.7,1.6,.141,,-0.8,1.1,0.3,0.3
Kawhi Leonard,SF,29,LAC,42,1452,27.0,.619,.269,.316,3.9,17.0,10.6,23.7,2.6,1.1,8.4,29.1,,5.5,2.0,7.5,.247,,5.8,1.2,7.0,3.3
Meyers Leonard,C,28,MIA,3,29,6.6,.635,1.000,.286,0.0,26.1,13.5,10.0,0.0,0.0,20.2,15.3,,0.0,0.0,0.0,.047,,-3.5,-0.9,-4.4,0.0
Caris LeVert,SG,26,TOT,24,728,15.9,.504,.349,.190,2.7,12.6,7.7,26.6,2.3,0.8,10.9,27.4,,0.2,0.7,0.9,.057,,-0.5,-0.4,-0.9,0.2
Caris LeVert,SG,26,BRK,12,334,19.3,.516,.315,.170,3.5,13.5,8.7,34.1,1.9,1.6,10.8,31.5,,0.3,0.3,0.6,.088,,1.3,-0.7,0.6,0.2
Caris LeVert,SG,26,IND,12,394,13.0,.490,.388,.213,2.0,11.9,6.9,20.2,2.7,0.2,11.0,24.0,,-0.2,0.4,0.3,.031,,-2.0,-0.2,-2.2,0.0
Kira Lewis Jr.,PG,19,NOP,33,519,12.7,.506,.345,.136,1.5,7.0,4.3,20.2,2.1,1.1,7.2,19.3,,0.5,0.3,0.8,.071,,-2.0,-0.5,-2.5,-0.1
Damian Lillard,PG,30,POR,47,1687,26.5,.623,.535,.376,1.5,11.6,6.4,36.5,1.3,0.6,11.8,32.3,,7.2,0.4,7.6,.216,,7.6,-1.7,5.9,3.4
Nassir Little,PF,20,POR,30,428,13.2,.620,.544,.316,5.3,15.6,10.3,4.9,0.5,2.3,9.1,14.4,,0.8,0.1,0.9,.101,,-0.1,-2.1,-2.3,0.0
Kevon Looney,C,24,GSW,39,599,13.8,.625,.095,.257,11.0,16.5,13.7,16.0,1.2,2.4,15.8,9.9,,1.3,0.7,2.0,.156,,-1.1,1.0,-0.1,0.3
,,,,,,,,,,,,,,,,,,,,,,,,,,,
Brook Lopez,C,32,MIL,49,1331,14.4,.598,.495,.206,5.8,13.3,9.7,3.5,1.1,4.7,9.0,16.2,,1.8,1.6,3.4,.123,,-0.1,-0.1,-0.2,0.6
Robin Lopez,C,32,WAS,49,989,15.4,.643,.061,.367,11.2,10.4,10.8,6.0,0.7,2.7,13.9,15.8,,1.8,0.6,2.4,.115,,-0.3,-1.4,-1.7,0.1
Kevin Love,PF,32,CLE,7,128,11.0,.511,.592,.224,3.4,27.7,15.3,16.6,1.2,0.7,17.0,22.0,,-0.1,0.1,0.0,.014,,-1.9,-0.6,-2.5,0.0
Kyle Lowry,PG,34,TOR,39,1348,16.2,.589,.533,.265,2.6,15.0,8.6,31.9,1.4,0.7,16.4,21.6,,2.3,1.1,3.4,.121,,1.6,-0.8,0.9,1.0
Timothé Luwawu-Cabarrot,SF,25,BRK,44,847,8.2,.500,.667,.130,2.8,10.8,6.9,8.9,1.7,0.6,10.4,16.8,,-0.1,0.6,0.4,.025,,-3.0,-1.3,-4.3,-0.5
Trey Lyles,PF,25,SAS,23,358,11.5,.574,.444,.256,2.6,23.3,12.7,5.3,0.8,0.2,5.7,12.9,,0.3,0.3,0.7,.087,,-1.2,-0.7,-1.9,0.0
Will Magnay,C,22,NOP,1,3,-35.7,.000,1.000,.000,0.0,0.0,0.0,0.0,0.0,0.0,50.0,28.4,,0.0,0.0,-0.1,-0.806,,-30.7,-8.9,-39.6,0.0
Thon Maker,C,23,CLE,8,76,18.8,.657,.111,.611,11.5,15.1,13.2,7.9,1.3,4.7,11.6,14.8,,0.2,0.1,0.3,.180,,0.3,1.2,1.5,0.1
Théo Maledon,PG,19,OKC,44,1191,8.2,.503,.533,.182,1.4,12.0,6.7,17.8,1.6,0.3,17.9,18.1,,-1.0,0.9,-0.1,-0.002,,-4.4,-0.6,-5.1,-0.9
Karim Mané,PG,20,ORL,9,84,0.8,.327,.167,.333,1.2,16.7,8.7,6.1,0.0,2.2,17.9,8.6,,-0.1,0.1,-0.1,-0.044,,-9.2,-0.8,-10.1,-0.2
Terance Mann,SG,24,LAC,48,867,13.1,.575,.239,.277,5.9,17.9,12.0,11.0,1.1,1.0,10.4,15.2,,1.3,0.9,2.2,.124,,-1.2,0.2,-1.0,0.2
Nico Mannion,PG,19,GSW,19,275,9.6,.500,.539,.281,0.8,10.8,5.8,25.3,2.2,0.3,18.7,19.1,,-0.1,0.3,0.1,.024,,-3.2,-0.4,-3.6,-0.1
Boban Marjanović,C,32,DAL,23,209,20.9,.520,.059,.238,20.9,31.8,26.5,5.5,0.2,1.8,7.5,25.6,,0.4,0.3,0.6,.142,,0.6,-3.6,-3.0,-0.1
Lauri Markkanen,PF,23,CHI,28,819,15.5,.609,.535,.202,2.9,18.9,11.0,4.7,0.8,1.2,8.3,21.5,,1.0,0.7,1.7,.101,,1.4,-1.6,-0.2,0.4
Naji Marshall,SF,23,NOP,9,77,9.0,.483,.350,.550,1.5,14.3,8.0,13.1,1.9,2.5,13.9,15.9,,0.0,0.1,0.0,.030,,-4.3,0.2,-4.1,0.0
Caleb Martin,SF,25,CHO,35,478,10.5,.476,.440,.233,4.5,14.8,9.6,10.4,2.7,1.5,11.2,17.7,,-0.2,0.6,0.3,.034,,-2.8,-0.3,-3.1,-0.1
Cody Martin,SF,25,CHO,37,528,11.3,.517,.312,.224,6.5,13.0,9.7,14.1,2.0,1.1,13.8,12.9,,0.3,0.5,0.8,.075,,-1.7,0.2,-1.5,0.1
Kelan Martin,SF,25,IND,16,70,9.1,.484,.481,.074,3.2,17.6,10.3,5.9,2.7,1.2,12.5,19.7,,-0.1,0.1,0.0,-0.001,,-3.3,-0.4,-3.7,0.0
Kenyon Martin Jr.,SF,20,HOU,23,443,15.1,.604,.210,.319,9.2,15.8,12.4,6.1,1.4,4.4,12.8,15.0,,0.6,0.5,1.1,.115,,-1.8,0.5,-1.3,0.1
Frank Mason III,PG,26,ORL,4,79,7.6,.462,.208,.292,3.8,12.3,7.9,22.1,0.0,0.0,15.6,17.5,,0.0,0.0,0.0,-0.007,,-6.1,-3.1,-9.2,-0.1
,,,,,,,,,,,,,,,,,,,,,,,,,,,
Garrison Mathews,SG,24,WAS,43,802,10.8,.660,.813,.380,1.8,6.9,4.3,3.3,1.4,0.6,3.1,11.7,,1.5,0.4,1.9,.116,,-1.0,-0.5,-1.5,0.1
Dakota Mathias,SG,25,PHI,8,123,9.8,.474,.542,.125,0.9,5.2,3.1,15.0,0.4,2.2,1.9,17.9,,0.1,0.1,0.2,.063,,-1.9,-1.7,-3.6,0.0
Wesley Matthews,SG,34,LAL,42,835,6.7,.513,.789,.120,1.9,6.9,4.5,6.5,1.4,1.4,8.9,10.5,,0.2,1.2,1.3,.076,,-3.1,0.4,-2.7,-0.2
Tyrese Maxey,SG,20,PHI,42,625,12.6,.511,.230,.122,1.6,10.4,6.1,16.5,1.1,1.0,8.2,22.5,,0.2,0.7,0.9,.068,,-2.2,-1.1,-3.3,-0.2
Skylar Mays,SG,23,ATL,22,173,15.2,.536,.429,.317,5.8,8.7,7.3,16.9,2.3,0.0,7.7,19.5,,0.3,0.1,0.4,.121,,0.6,-0.7,-0.1,0.1
Patrick McCaw,SF,25,TOR,5,33,12.0,1.078,.000,3.000,3.2,6.9,5.0,15.3,2.9,0.0,0.0,3.0,,0.1,0.0,0.1,.211,,-2.5,3.5,1.0,0.0
CJ McCollum,SG,29,POR,24,787,22.7,.581,.527,.159,1.6,11.1,6.1,25.0,1.6,1.5,6.1,28.6,,2.3,0.3,2.6,.160,,5.8,-1.5,4.3,1.2
T.J. McConnell,PG,28,IND,45,1149,16.3,.565,.082,.103,3.3,12.5,7.9,35.0,3.2,1.3,21.2,14.6,,1.5,1.5,3.0,.126,,-0.2,1.8,1.6,1.0
Jaden McDaniels,PF,20,MIN,44,961,9.7,.546,.528,.132,3.8,14.3,8.8,7.0,1.0,4.0,9.9,12.9,,0.4,0.7,1.0,.050,,-3.1,0.0,-3.1,-0.3
Jalen McDaniels,SF,23,CHO,24,258,7.5,.526,.353,.271,3.3,16.9,10.1,6.2,0.6,1.9,15.2,18.6,,-0.2,0.2,0.0,-0.001,,-4.6,-2.0,-6.7,-0.3
Doug McDermott,PF,29,IND,46,1154,15.5,.629,.453,.147,4.4,12.0,8.2,8.5,0.5,0.3,7.2,19.6,,2.2,0.6,2.8,.115,,1.7,-1.8,-0.1,0.6
Sean McDermott,SF,24,MEM,13,148,8.1,.582,.633,.267,4.2,8.1,6.1,3.4,0.6,1.3,10.7,10.7,,0.1,0.1,0.2,.072,,-2.7,-1.7,-4.4,-0.1
JaVale McGee,C,33,TOT,34,509,18.7,.556,.093,.264,11.8,26.3,18.9,11.2,1.6,7.1,16.0,24.5,,0.0,0.8,0.9,.083,,-2.1,1.4,-0.7,0.2
JaVale McGee,C,33,CLE,33,503,18.7,.554,.093,.256,11.7,26.4,18.9,11.4,1.6,7.2,15.8,24.6,,0.0,0.8,0.9,.083,,-2.1,1.3,-0.8,0.2
JaVale McGee,C,33,DEN,1,6,20.3,.798,.000,2.000,19.1,18.8,18.9,0.0,8.3,0.0,34.7,21.0,,0.0,0.0,0.0,.152,,-5.9,10.0,4.1,0.0
Rodney McGruder,SG,29,DET,16,194,16.2,.619,.343,.114,4.5,8.2,6.3,13.8,2.0,0.5,8.7,18.1,,0.3,0.2,0.5,.122,,0.9,-0.2,0.7,0.1
Alfonzo McKinnie,SF,28,LAL,28,148,14.8,.624,.438,.271,7.7,14.7,11.3,2.0,1.0,0.0,3.6,16.3,,0.3,0.2,0.5,.171,,0.1,-1.1,-1.0,0.0
Jordan McLaughlin,PG,24,MIN,31,640,11.4,.450,.337,.091,2.3,10.0,6.0,30.6,2.5,0.8,15.7,14.2,,0.1,0.4,0.5,.041,,-2.4,-0.3,-2.7,-0.1
Ben McLemore,SG,27,HOU,32,537,8.5,.500,.741,.143,2.1,11.4,6.5,7.9,1.8,0.5,10.5,21.2,,-0.5,0.4,-0.1,-0.010,,-3.2,-1.2,-4.4,-0.3
Nicolò Melli,PF,30,TOT,27,330,7.0,.380,.590,.103,5.8,19.9,12.9,11.6,1.6,0.9,8.9,11.7,,-0.1,0.3,0.2,.027,,-4.5,0.9,-3.6,-0.1
Nicolò Melli,PF,30,NOP,22,241,5.9,.346,.627,.119,5.6,20.6,13.2,12.6,1.8,0.4,10.1,12.2,,-0.2,0.2,0.0,.002,,-4.9,0.5,-4.4,-0.1
Nicolò Melli,PF,30,DAL,5,89,9.8,.489,.474,.053,6.3,18.0,12.3,8.9,1.1,2.1,4.9,10.2,,0.1,0.1,0.2,.094,,-3.4,1.9,-1.5,0.0
De'Anthony Melton,PG,22,MEM,35,696,18.2,.610,.509,.128,3.4,14.0,8.6,19.2,2.9,2.3,13.0,20.0,,1.1,1.1,2.1,.147,,2.2,2.1,4.3,1.1
Sam Merrill,SG,24,MIL,21,149,13.0,.627,.651,.047,4.4,9.5,7.1,13.6,1.6,0.6,15.4,14.6,,0.2,0.1,0.4,.115,,0.3,-0.6,-0.2,0.1
,,,,,,,,,,,,,,,,,,,,,,,,,,,
Chimezie Metu,C,23,SAC,18,167,18.3,.625,.121,.172,10.4,20.8,15.5,13.0,0.9,4.9,15.0,18.8,,0.3,0.1,0.4,.115,,-0.5,0.1,-0.4,0.1
Khris Middleton,SF,29,MIL,48,1607,18.4,.599,.329,.224,2.5,15.9,9.4,23.3,1.6,0.4,14.2,24.7,,3.0,1.7,4.7,.142,,2.1,-0.6,1.5,1.5
Darius Miller,SF,30,OKC,18,197,16.2,.685,.875,.250,1.1,11.7,6.4,15.4,3.2,2.2,13.1,13.4,,0.4,0.3,0.7,.163,,1.2,2.7,3.9,0.3
Patty Mills,PG,32,SAS,47,1222,13.6,.589,.687,.130,1.4,5.8,3.5,14.2,1.2,0.1,8.3,19.3,,1.5,0.6,2.2,.086,,1.2,-1.7,-0.6,0.5
Paul Millsap,PF,35,DEN,39,882,16.6,.600,.387,.273,7.3,16.7,12.0,10.2,2.0,2.8,9.8,16.7,,1.7,1.0,2.7,.149,,0.9,-0.1,0.8,0.6
Shake Milton,SG,24,PHI,42,1022,15.2,.557,.290,.284,2.8,7.5,5.2,19.2,1.3,0.9,11.9,25.1,,1.1,1.1,2.1,.101,,-0.8,-1.2,-2.0,0.0
Donovan Mitchell,SG,24,UTA,47,1570,20.9,.568,.429,.279,3.2,10.5,7.0,27.2,1.5,0.7,11.2,32.4,,3.6,1.9,5.5,.167,,3.8,-0.6,3.2,2.1
Adam Mokoka,SG,22,CHI,9,47,6.4,.433,.533,.000,2.4,7.0,4.7,11.3,2.0,1.8,11.8,15.5,,-0.1,0.0,0.0,-0.008,,-5.0,-0.6,-5.6,0.0
Malik Monk,SG,22,CHO,32,694,15.2,.598,.512,.202,1.9,11.5,6.6,14.2,1.1,0.6,11.8,24.5,,0.7,0.4,1.1,.073,,1.0,-2.0,-1.1,0.2
E'Twaun Moore,SG,31,PHO,24,348,8.8,.479,.284,.098,4.3,9.1,6.8,13.2,2.0,1.0,14.5,15.9,,-0.1,0.4,0.3,.039,,-4.4,0.7,-3.7,-0.2
Ja Morant,PG,21,MEM,39,1229,17.5,.528,.230,.389,3.0,8.5,5.7,35.7,1.4,0.5,13.8,27.9,,1.2,1.0,2.3,.089,,1.8,-1.9,-0.2,0.6
Juwan Morgan,PF,23,UTA,19,84,7.3,.469,.647,.294,7.9,12.1,10.1,6.2,2.3,0.0,9.4,10.8,,0.0,0.1,0.1,.086,,-4.1,1.3,-2.8,0.0
Marcus Morris,PF,31,LAC,39,994,14.1,.599,.520,.140,2.9,14.1,8.6,6.0,0.9,0.9,7.6,20.0,,1.4,0.9,2.3,.111,,0.8,-1.3,-0.5,0.4
Markieff Morris,PF,31,LAL,44,855,10.4,.544,.570,.160,4.4,21.4,13.1,7.7,0.6,1.4,10.7,15.6,,0.3,1.4,1.7,.095,,-1.9,0.0,-1.9,0.0
Monte Morris,PG,25,DEN,37,998,13.6,.564,.373,.204,0.9,8.2,4.6,16.5,1.3,1.0,6.8,16.1,,1.7,0.6,2.3,.110,,0.0,-1.2,-1.2,0.2
Mychal Mulder,PG,26,GSW,41,412,8.9,.579,.870,.138,0.3,8.7,4.5,5.4,0.9,1.7,6.5,14.4,,0.1,0.3,0.4,.050,,-2.0,-1.1,-3.1,-0.1
Dejounte Murray,PG,24,SAS,46,1461,16.6,.514,.202,.144,2.5,21.2,11.6,25.3,2.3,0.3,10.2,23.3,,0.6,1.9,2.4,.080,,-0.4,0.9,0.5,0.9
Jamal Murray,PG,23,DEN,47,1671,18.6,.595,.400,.189,2.5,10.4,6.5,20.2,1.8,0.7,11.0,24.8,,3.4,1.3,4.7,.135,,2.8,-1.0,1.8,1.6
Mike Muscala,C,29,OKC,35,645,14.9,.599,.689,.135,3.1,18.3,10.7,7.0,0.6,1.5,6.9,20.4,,0.8,0.5,1.4,.101,,0.8,-1.2,-0.3,0.3
Sviatoslav Mykhailiuk,SF-SG,23,TOT,46,863,10.7,.535,.700,.132,2.0,11.6,6.7,12.4,2.2,0.8,14.8,19.4,,-0.4,0.8,0.4,.023,,-1.7,-0.6,-2.3,-0.1
Sviatoslav Mykhailiuk,SF,23,DET,36,634,10.3,.527,.767,.135,1.9,11.3,6.5,13.7,2.1,0.8,14.2,18.9,,-0.2,0.6,0.3,.026,,-1.3,-0.8,-2.1,0.0
Sviatoslav Mykhailiuk,SG,23,OKC,10,229,12.1,.555,.529,.126,2.3,12.3,7.3,9.0,2.5,0.8,16.4,20.7,,-0.2,0.2,0.1,.014,,-2.8,-0.1,-2.9,-0.1
,,,,,,,,,,,,,,,,,,,,,,,,,,,
Abdel Nader,SF,27,PHO,24,355,13.4,.605,.371,.319,2.3,16.9,9.8,7.4,1.4,2.3,12.6,19.0,,0.3,0.5,0.8,.102,,-1.2,0.8,-0.4,0.2
Larry Nance Jr.,PF,28,CLE,29,950,14.2,.575,.403,.174,5.7,18.7,12.1,14.1,2.7,1.6,14.8,13.7,,0.8,1.2,2.0,.101,,-0.5,1.9,1.3,0.8
Aaron Nesmith,SF,21,BOS,28,395,5.9,.500,.725,.176,3.9,14.6,9.2,3.2,1.1,1.4,13.3,12.3,,-0.1,0.3,0.2,.022,,-4.3,-0.8,-5.1,-0.3
Raul Neto,PG,28,WAS,43,899,12.0,.531,.368,.145,2.0,9.9,5.9,15.0,2.5,0.4,9.1,16.8,,0.4,0.8,1.2,.064,,-2.0,0.3,-1.7,0.1
Georges Niang,PF,27,UTA,50,685,9.7,.577,.725,.022,2.6,13.3,8.2,7.4,1.0,0.7,12.2,16.5,,0.4,0.8,1.2,.083,,-1.6,0.1,-1.5,0.1
Zeke Nnaji,PF,20,DEN,31,325,11.9,.660,.561,.183,4.6,13.5,9.1,2.0,0.6,0.9,7.3,12.9,,0.6,0.2,0.7,.110,,-0.3,-1.8,-2.1,0.0
Nerlens Noel,C,26,NYK,45,1023,14.1,.616,.013,.255,10.4,18.4,14.4,4.0,2.2,8.7,23.6,9.9,,0.6,2.3,2.9,.137,,-3.1,3.1,0.1,0.5
Jaylen Nowell,SG,21,MIN,36,687,13.7,.550,.434,.161,2.7,10.8,6.6,13.6,1.4,1.2,7.7,21.6,,0.6,0.3,0.9,.062,,-0.9,-1.4,-2.3,0.0
Frank Ntilikina,PG,22,NYK,18,253,7.1,.499,.578,.219,1.7,8.5,5.1,7.7,3.0,0.4,12.5,14.0,,-0.1,0.4,0.3,.052,,-5.5,1.7,-3.8,-0.1
Kendrick Nunn,PG,25,MIA,38,1087,12.9,.566,.478,.099,1.7,10.2,6.1,15.0,1.8,0.9,11.4,21.0,,0.3,1.2,1.5,.068,,-1.0,-0.1,-1.1,0.2
Jusuf Nurkić,C,26,POR,17,378,16.5,.530,.136,.326,9.0,28.0,18.2,18.8,2.1,3.1,18.4,21.1,,0.2,0.4,0.6,.076,,-2.2,0.4,-1.8,0.0
David Nwaba,SF,28,HOU,30,679,14.6,.557,.289,.312,6.0,12.8,9.3,7.0,2.1,2.8,6.4,16.7,,0.8,0.7,1.5,.104,,-1.3,1.0,-0.3,0.3
Jordan Nwora,SF,22,MIL,18,152,11.9,.544,.448,.254,2.2,18.7,10.7,3.5,3.1,1.8,16.8,24.7,,-0.2,0.3,0.1,.019,,-3.3,-0.9,-4.2,-0.1
Royce O'Neale,SF,27,UTA,50,1586,9.8,.603,.736,.137,4.2,17.4,11.1,10.0,1.2,1.2,16.5,9.5,,1.7,2.2,3.9,.119,,-1.3,1.5,0.2,0.9
Semi Ojeleye,PF,26,BOS,40,765,8.6,.569,.718,.172,3.6,13.6,8.5,5.1,0.7,0.0,7.9,11.5,,0.7,0.4,1.1,.070,,-1.1,-1.4,-2.5,-0.1
Jahlil Okafor,C,25,DET,12,120,15.5,.595,.071,.048,11.8,13.3,12.6,4.3,0.8,1.5,8.5,17.0,,0.2,0.1,0.2,.099,,-0.6,-2.5,-3.1,0.0
Chuma Okeke,PF,22,ORL,34,808,11.9,.537,.459,.132,4.1,13.7,8.8,12.9,1.8,1.7,11.1,13.0,,0.5,0.8,1.3,.079,,-1.6,0.8,-0.8,0.2
Josh Okogie,SG,22,MIN,39,777,7.7,.478,.418,.394,4.9,9.0,6.9,7.3,2.1,1.7,12.6,12.0,,-0.1,0.5,0.4,.027,,-4.8,0.0,-4.7,-0.5
Onyeka Okongwu,C,20,ATL,28,268,15.3,.633,.016,.492,9.6,21.2,15.6,3.3,2.0,4.9,14.9,14.1,,0.4,0.4,0.7,.134,,-2.9,1.1,-1.9,0.0
Isaac Okoro,SG,20,CLE,45,1437,6.7,.516,.396,.259,2.8,7.1,4.9,7.6,1.6,1.3,15.8,12.7,,-0.5,0.9,0.4,.012,,-4.7,-0.4,-5.1,-1.1
,,,,,,,,,,,,,,,,,,,,,,,,,,,
KZ Okpala,PF,21,MIA,25,322,5.2,.488,.561,.091,5.4,11.7,8.7,4.8,0.9,2.6,14.9,11.2,,-0.2,0.4,0.2,.027,,-6.0,-0.6,-6.6,-0.4
Victor Oladipo,SG,28,TOT,31,1022,14.5,.507,.419,.229,1.0,15.2,8.0,23.9,2.0,1.1,11.1,28.8,,-0.6,1.0,0.4,.021,,-0.5,-0.8,-1.3,0.2
Victor Oladipo,SG,28,IND,9,300,15.8,.535,.454,.243,0.4,18.6,9.5,19.3,2.4,0.6,9.7,26.8,,0.1,0.4,0.4,.068,,1.5,-0.8,0.6,0.2
Victor Oladipo,SG,28,HOU,20,669,15.1,.508,.402,.218,1.2,14.5,7.6,25.8,1.7,1.3,10.9,29.9,,-0.3,0.6,0.3,.019,,-0.3,-0.7,-1.0,0.2
Victor Oladipo,G,28,MIA,2,53,-1.1,.291,.476,.333,2.2,6.1,4.2,26.9,3.7,2.0,22.5,26.3,,-0.3,0.1,-0.2,-0.217,,-14.2,-2.5,-16.7,-0.2
Kelly Olynyk,C-PF,29,TOT,49,1325,13.7,.584,.626,.139,3.9,20.2,12.3,12.9,1.7,2.4,12.2,17.8,,0.9,2.0,2.9,.105,,-0.9,0.9,0.1,0.7
Kelly Olynyk,C,29,MIA,43,1157,12.1,.549,.646,.106,4.4,20.2,12.6,12.0,1.7,2.3,12.3,17.4,,0.2,1.8,2.1,.085,,-1.6,0.7,-0.9,0.3
Kelly Olynyk,PF,29,HOU,6,168,24.6,.775,.508,.333,0.6,19.8,9.8,18.7,1.7,2.7,12.2,20.9,,0.7,0.2,0.9,.244,,4.2,2.4,6.7,0.4
Miye Oni,SG,23,UTA,35,302,7.4,.555,.875,.094,5.8,14.5,10.3,4.3,0.8,1.8,14.2,11.1,,0.2,0.4,0.5,.086,,-2.9,0.5,-2.3,0.0
Cedi Osman,SF,25,CLE,46,1131,10.0,.465,.570,.158,2.7,12.8,7.6,16.0,1.9,0.6,8.9,20.3,,-0.5,0.9,0.4,.016,,-1.9,-0.8,-2.7,-0.2
Daniel Oturu,C,21,LAC,18,77,12.2,.525,.043,.174,11.9,18.6,15.3,10.9,0.6,3.4,16.8,17.1,,0.0,0.1,0.1,.080,,-4.3,-1.3,-5.6,-0.1
Kelly Oubre Jr.,SF,25,GSW,48,1468,13.1,.521,.385,.225,5.1,15.8,10.5,6.8,1.6,2.3,7.7,21.8,,-0.2,1.7,1.6,.051,,-1.8,-0.6,-2.3,-0.1
Jabari Parker,PF,25,SAC,3,27,5.1,.571,.143,.000,4.0,20.7,12.3,5.0,0.0,3.1,30.0,15.9,,0.0,0.0,0.0,-0.078,,-7.5,-1.3,-8.8,0.0
Eric Paschall,PF,24,GSW,39,676,13.4,.555,.181,.304,4.2,15.2,9.7,11.9,0.8,0.9,11.0,23.5,,0.2,0.6,0.7,.053,,-1.7,-1.5,-3.1,-0.2
Anžejs Pasečņiks,C,25,WAS,1,6,-40.7,.000,1.000,.000,17.4,0.0,8.8,19.3,0.0,0.0,83.3,41.6,,-0.1,0.0,-0.1,-1.123,,-40.1,-7.1,-47.1,-0.1
Patrick Patterson,PF,31,LAC,22,295,11.7,.613,.695,.122,2.7,10.8,6.9,5.5,1.7,1.8,8.5,14.2,,0.4,0.3,0.7,.112,,-0.2,0.6,0.5,0.2
Justin Patton,C,23,HOU,13,247,11.7,.488,.486,.057,5.8,15.7,10.6,8.2,2.3,5.1,5.3,13.1,,0.1,0.3,0.4,.085,,-3.8,1.7,-2.0,0.0
Chris Paul,PG,35,PHO,48,1525,20.6,.592,.293,.225,1.4,14.6,8.3,39.7,2.3,0.6,14.5,22.2,,4.1,2.1,6.3,.198,,2.7,1.4,4.1,2.4
Cameron Payne,PG,26,PHO,38,647,15.4,.585,.442,.141,1.4,13.1,7.5,29.6,1.7,1.3,15.5,17.8,,1.1,0.8,1.9,.145,,0.3,1.0,1.2,0.5
Elfrid Payton,PG,26,NYK,42,1120,12.6,.484,.164,.196,5.2,10.0,7.6,21.2,1.5,0.8,12.4,23.2,,-0.3,1.3,1.0,.043,,-2.0,-0.7,-2.7,-0.2
Norvel Pelle,C,27,TOT,5,35,9.2,.470,.000,.750,13.2,20.8,17.4,3.2,0.0,13.0,22.0,16.9,,0.0,0.1,0.0,.030,,-5.7,2.5,-3.2,0.0
Norvel Pelle,C,27,BRK,3,28,2.2,.429,.000,.000,12.6,15.3,14.0,0.0,0.0,9.4,30.0,15.6,,-0.1,0.0,0.0,-0.068,,-9.8,0.1,-9.7,-0.1
Norvel Pelle,C,27,SAC,1,4,30.4,.543,.000,4.000,27.2,0.0,13.8,28.0,0.0,0.0,0.0,29.5,,0.0,0.0,0.0,.372,,6.3,-4.9,1.4,0.0
Norvel Pelle,F-C,27,NYK,1,3,47.1,.568,,,0.0,100.0,53.8,0.0,0.0,64.7,0.0,13.0,,0.0,0.0,0.0,.489,,16.6,34.7,51.3,0.0
Reggie Perry,PF,20,BRK,17,180,11.3,.479,.281,.172,13.0,23.8,18.7,10.5,1.1,2.9,15.9,19.8,,0.0,0.2,0.2,.044,,-4.3,-1.0,-5.3,-0.1
Theo Pinson,SG,25,NYK,14,31,-10.0,.111,.889,.000,0.0,6.9,3.5,4.2,0.0,0.0,10.0,14.3,,-0.2,0.0,-0.2,-0.241,,-14.3,-3.9,-18.2,-0.1
Mason Plumlee,C,30,DET,47,1289,18.3,.630,.022,.466,10.7,27.8,19.0,20.3,1.5,3.0,19.1,16.3,,2.4,1.8,4.3,.159,,-0.1,1.7,1.6,1.2
Jakob Poeltl,C,25,SAS,48,1228,17.2,.605,.000,.305,12.9,20.6,16.6,9.6,1.1,5.5,15.8,13.5,,1.9,1.7,3.6,.142,,-0.6,0.8,0.2,0.7
,,,,,,,,,,,,,,,,,,,,,,,,,,,
Vincent Poirier,C,27,PHI,10,39,1.6,.273,.083,.500,17.4,21.9,19.7,6.6,0.0,6.8,21.5,20.4,,-0.2,0.1,-0.1,-0.126,,-11.4,-3.2,-14.6,-0.1
Aleksej Pokusevski,PF,19,OKC,30,706,6.3,.413,.514,.096,3.4,17.2,10.3,11.7,0.9,3.9,17.1,19.3,,-1.8,0.7,-1.0,-0.070,,-5.2,-0.5,-5.6,-0.7
Jordan Poole,SG,21,GSW,29,505,15.0,.588,.570,.219,1.0,8.4,4.7,15.0,1.0,0.5,8.3,24.4,,0.6,0.3,0.9,.085,,1.4,-1.6,-0.2,0.2
Jontay Porter,PF,21,MEM,4,15,4.5,.417,.667,.000,13.9,43.8,28.4,8.9,6.4,0.0,40.0,28.1,,-0.1,0.0,-0.1,-0.184,,-11.7,1.0,-10.7,0.0
Kevin Porter Jr.,SG,20,HOU,13,394,12.6,.506,.396,.231,1.6,11.6,6.4,33.1,1.4,1.4,17.7,26.4,,-0.4,0.3,-0.1,-0.008,,-1.9,-1.8,-3.7,-0.2
Michael Porter Jr.,SF,22,DEN,39,1171,20.0,.656,.463,.173,6.9,21.5,14.3,4.9,1.1,3.1,8.0,20.2,,2.9,1.3,4.2,.171,,3.3,-1.1,2.2,1.2
Otto Porter,SF-PF,27,TOT,28,606,14.5,.552,.458,.185,5.2,22.4,13.9,12.8,1.3,0.6,9.2,19.2,,0.7,0.6,1.3,.100,,0.0,-0.5,-0.6,0.2
Otto Porter,SF,27,CHI,25,540,14.8,.566,.470,.183,5.9,22.3,14.2,13.0,1.1,0.6,10.3,19.3,,0.7,0.5,1.2,.105,,0.6,-0.9,-0.3,0.2
Otto Porter,PF,27,ORL,3,66,11.8,.441,.360,.200,0.0,22.8,11.0,11.4,3.0,0.0,0.0,17.8,,0.0,0.1,0.1,.060,,-5.3,2.3,-2.9,0.0
Bobby Portis,C,25,MIL,45,940,19.7,.614,.267,.103,9.0,24.8,17.1,7.3,1.7,1.6,7.9,19.7,,2.1,1.4,3.4,.175,,2.0,-0.5,1.6,0.9
Kristaps Porziņģis,C,25,DAL,31,949,21.4,.576,.392,.203,6.6,24.7,15.9,8.6,0.7,5.0,7.2,27.4,,1.6,1.3,2.9,.144,,2.5,-0.5,2.0,1.0
Dwight Powell,C,29,DAL,35,518,12.9,.593,.171,.648,8.7,16.1,12.5,7.5,1.6,2.2,11.8,13.1,,0.9,0.6,1.5,.140,,-2.6,0.6,-2.0,0.0
Norman Powell,SG-SF,27,TOT,47,1429,17.5,.639,.470,.292,1.8,9.2,5.4,9.6,2.0,0.8,10.8,23.8,,2.5,1.1,3.5,.118,,1.5,-0.4,1.1,1.1
Norman Powell,SG,27,TOR,42,1277,17.7,.645,.475,.288,1.6,9.5,5.4,10.0,1.8,0.6,10.8,24.2,,2.3,0.9,3.2,.122,,1.8,-0.6,1.2,1.0
Norman Powell,SF,27,POR,5,152,16.1,.581,.421,.333,4.1,6.6,5.3,5.9,3.9,1.8,10.9,20.8,,0.2,0.1,0.3,.089,,-0.7,0.8,0.1,0.1
Taurean Prince,PF,26,TOT,33,717,11.2,.517,.480,.262,2.5,16.3,9.4,11.9,1.4,2.6,10.9,18.9,,0.1,0.7,0.7,.049,,-1.7,-0.8,-2.5,-0.1
Taurean Prince,PF,26,BRK,12,218,11.9,.565,.500,.365,1.1,15.7,8.7,4.3,1.8,3.2,11.4,19.4,,0.1,0.2,0.3,.064,,-2.7,-0.2,-2.9,0.0
Taurean Prince,PF,26,CLE,21,499,11.0,.495,.471,.218,3.1,16.5,9.6,15.2,1.2,2.3,10.8,18.6,,0.0,0.4,0.4,.042,,-1.2,-1.1,-2.3,0.0
Payton Pritchard,SG,23,BOS,44,856,11.5,.581,.558,.093,3.0,9.7,6.3,13.6,1.4,0.8,12.4,15.4,,1.0,0.5,1.5,.086,,-1.2,-0.7,-1.9,0.0
Immanuel Quickley,PG,21,NYK,46,908,16.6,.543,.508,.311,2.4,10.3,6.3,18.4,1.3,1.2,7.9,27.2,,1.3,1.1,2.4,.126,,1.8,-0.7,1.1,0.7
Jahmi'us Ramsey,SG,19,SAC,5,17,15.3,.700,.600,.000,0.0,26.4,13.0,8.2,0.0,4.9,16.7,15.1,,0.0,0.0,0.0,.064,,0.2,-1.4,-1.2,0.0
Chasson Randle,PG,27,ORL,21,465,6.5,.526,.587,.165,0.6,9.3,4.8,14.2,1.0,0.4,17.6,13.2,,-0.1,0.3,0.1,.014,,-5.4,-1.1,-6.4,-0.5
Julius Randle,PF,26,NYK,50,1849,19.7,.569,.280,.323,3.9,27.4,15.7,27.5,1.2,0.6,14.4,28.1,,2.4,3.0,5.4,.141,,3.0,0.8,3.8,2.7
Cam Reddish,SF,21,ATL,26,750,9.4,.488,.479,.312,3.3,11.7,7.6,6.6,2.2,1.1,10.2,19.3,,-0.3,0.7,0.4,.027,,-3.2,-0.4,-3.6,-0.3
J.J. Redick,SG,36,NOP,31,576,11.2,.575,.654,.220,0.6,9.4,5.0,9.5,0.8,0.3,9.6,19.2,,0.6,0.1,0.7,.059,,-1.0,-2.0,-3.0,-0.1
Paul Reed,PF,21,PHI,12,100,13.3,.466,.143,.048,13.5,16.0,14.8,7.6,2.4,5.3,14.0,21.3,,-0.1,0.2,0.1,.050,,-4.9,0.3,-4.5,-0.1
,,,,,,,,,,,,,,,,,,,,,,,,,,,
Naz Reid,C,21,MIN,49,939,18.3,.599,.291,.296,5.9,19.9,12.6,9.4,1.4,4.8,10.1,22.2,,1.3,1.0,2.2,.115,,-0.2,0.0,-0.2,0.4
Cameron Reynolds,SF,25,SAS,3,6,6.2,.500,.000,.000,0.0,0.0,0.0,0.0,0.0,0.0,0.0,14.5,,0.0,0.0,0.0,-0.015,,-6.1,-3.2,-9.3,0.0
Nick Richards,PF,23,CHO,13,51,6.9,.633,.000,1.571,4.2,15.0,9.6,2.6,0.0,0.0,20.2,12.5,,0.0,0.0,0.0,.041,,-5.2,-2.4,-7.6,-0.1
Josh Richardson,SG,27,DAL,39,1248,11.9,.562,.467,.200,2.9,9.3,6.1,12.3,1.4,1.1,12.0,17.8,,1.0,0.9,1.9,.074,,-1.3,-0.5,-1.8,0.1
Grant Riller,PG,23,CHO,1,5,-16.0,.000,.500,.000,0.0,0.0,0.0,0.0,0.0,0.0,0.0,17.1,,0.0,0.0,0.0,-0.421,,-16.4,-8.3,-24.7,0.0
Austin Rivers,SG,28,NYK,21,442,9.6,.545,.570,.104,1.2,10.2,5.7,14.1,1.4,0.0,13.5,16.3,,0.1,0.5,0.6,.063,,-2.3,-0.7,-3.0,-0.1
Andre Roberson,SG,29,BRK,5,63,4.2,.202,.571,.143,13.0,13.6,13.3,7.4,2.3,1.4,11.8,11.7,,-0.1,0.1,-0.1,-0.043,,-5.1,-1.2,-6.2,-0.1
Duncan Robinson,SF,26,MIA,50,1637,10.4,.625,.858,.112,0.3,12.3,6.5,8.2,0.8,0.7,10.3,16.0,,1.2,1.5,2.7,.080,,-0.5,-0.7,-1.2,0.3
Glenn Robinson III,SF,27,SAC,23,369,9.1,.554,.444,.232,3.2,10.3,6.7,7.0,0.5,0.7,9.2,13.9,,0.3,-0.1,0.2,.029,,-1.9,-2.8,-4.6,-0.2
Jerome Robinson,SG,23,WAS,17,305,4.1,.400,.442,.211,1.4,11.9,6.6,10.6,1.8,1.7,15.5,16.7,,-0.7,0.3,-0.4,-0.065,,-6.5,-1.1,-7.6,-0.4
Justin Robinson,G,23,OKC,1,24,9.6,.541,.714,.429,0.0,4.4,2.2,12.3,2.0,0.0,0.0,15.0,,0.0,0.0,0.1,.101,,-5.8,-1.1,-7.0,0.0
Mitchell Robinson,C,22,NYK,31,853,17.8,.642,.000,.301,14.3,17.5,15.9,3.0,2.1,5.1,11.5,11.7,,1.7,1.6,3.4,.189,,-0.3,1.1,0.9,0.6
Isaiah Roby,PF,22,OKC,43,1008,12.9,.572,.239,.317,7.0,18.4,12.7,11.5,1.7,2.5,18.9,17.7,,0.2,1.2,1.4,.066,,-3.1,0.4,-2.7,-0.2
Rajon Rondo,PG,34,TOT,28,415,9.4,.474,.398,.018,1.1,13.5,7.4,32.7,2.5,0.4,27.4,16.4,,-0.3,0.4,0.1,.010,,-3.2,0.2,-3.0,-0.1
Rajon Rondo,PG,34,ATL,27,402,9.9,.478,.409,.018,1.1,13.6,7.5,32.8,2.3,0.4,26.0,16.2,,-0.2,0.4,0.2,.019,,-2.8,0.1,-2.7,-0.1
Rajon Rondo,G,34,LAC,1,13,-4.9,.333,.000,.000,0.0,8.5,4.3,29.0,7.6,0.0,57.1,23.8,,-0.1,0.0,-0.1,-0.282,,-15.9,3.7,-12.2,0.0
Derrick Rose,PG,32,TOT,30,715,16.1,.507,.228,.231,1.5,8.6,5.0,29.5,2.4,1.6,11.5,26.8,,0.1,0.9,1.0,.067,,0.3,-0.3,0.0,0.4
Derrick Rose,PG,32,DET,15,342,17.2,.517,.212,.272,1.9,7.7,4.7,32.9,2.6,1.0,12.3,30.0,,0.1,0.3,0.4,.055,,1.2,-0.8,0.4,0.2
Derrick Rose,PG,32,NYK,15,373,15.1,.495,.246,.186,1.2,9.5,5.3,26.3,2.1,2.1,10.4,23.9,,0.1,0.5,0.6,.078,,-0.5,0.2,-0.3,0.2
Terrence Ross,SG,29,ORL,40,1182,13.3,.526,.442,.212,1.1,11.3,6.0,13.0,1.8,1.5,9.8,24.7,,-0.1,1.1,0.9,.038,,-1.1,-0.9,-2.1,0.0
Terry Rozier,SG,26,CHO,47,1570,17.7,.604,.521,.202,1.8,11.6,6.7,16.7,1.8,1.1,10.1,24.1,,2.6,1.3,3.8,.117,,2.8,-0.8,2.0,1.6
Ricky Rubio,PG,30,MIN,47,1242,12.9,.508,.392,.343,1.7,11.6,6.4,35.6,2.4,0.2,19.1,16.0,,1.0,0.8,1.8,.069,,-2.4,-0.3,-2.7,-0.2
D'Angelo Russell,PG,24,MIN,21,608,16.6,.544,.449,.212,1.7,8.7,5.0,29.1,1.8,1.5,12.9,30.0,,0.2,0.3,0.5,.038,,2.5,-1.7,0.8,0.4
Domantas Sabonis,PF,24,IND,47,1688,19.9,.593,.176,.404,7.9,27.3,17.6,25.4,1.6,1.3,16.8,24.3,,2.8,2.2,5.0,.142,,2.1,1.1,3.2,2.2
,,,,,,,,,,,,,,,,,,,,,,,,,,,
Luka Šamanić,PF,21,SAS,20,193,10.0,.530,.516,.323,5.9,20.2,12.9,7.3,1.0,1.3,15.5,18.9,,-0.1,0.2,0.1,.023,,-3.8,-1.6,-5.4,-0.2
JaKarr Sampson,PF,27,IND,18,120,10.7,.509,.179,.359,10.2,23.3,16.7,1.1,0.8,2.8,13.4,18.8,,0.0,0.1,0.1,.034,,-3.9,-2.2,-6.0,-0.1
Dario Šarić,C,26,PHO,31,571,15.4,.581,.409,.248,6.1,18.7,12.6,10.7,1.5,0.5,12.7,24.0,,0.5,0.8,1.3,.107,,-0.8,-0.8,-1.6,0.1
Tomáš Satoranský,SG,29,CHI,37,855,15.1,.640,.356,.236,2.8,9.6,6.2,29.0,1.6,0.9,20.9,15.1,,1.6,0.7,2.3,.132,,0.5,0.3,0.7,0.6
Dennis Schröder,SG,27,LAL,46,1461,13.3,.540,.262,.365,1.8,10.4,6.2,23.6,1.9,0.7,16.3,23.1,,0.4,2.3,2.7,.088,,-1.7,0.1,-1.5,0.2
Mike Scott,PF,32,PHI,31,551,6.0,.487,.786,.079,1.6,15.5,8.8,4.7,1.6,0.8,10.9,11.3,,-0.2,0.7,0.5,.046,,-3.5,0.1,-3.4,-0.2
Collin Sexton,SG,22,CLE,43,1542,17.4,.572,.243,.316,2.3,6.7,4.5,21.0,1.6,0.2,11.5,28.7,,1.8,0.8,2.6,.081,,1.4,-1.7,-0.3,0.6
Landry Shamet,SG,23,BRK,41,828,10.0,.572,.744,.165,1.3,8.3,4.9,7.3,1.1,0.5,9.3,17.0,,0.6,0.4,0.9,.053,,-1.4,-1.6,-3.0,-0.2
Iman Shumpert,SG,30,BRK,2,11,-0.3,.250,.750,.000,10.7,0.0,5.1,0.0,4.4,0.0,20.0,19.8,,-0.1,0.0,0.0,-0.211,,-10.2,-2.7,-13.0,0.0
Pascal Siakam,PF,26,TOR,41,1444,18.1,.550,.265,.326,5.4,17.7,11.3,21.5,1.5,1.8,9.9,25.2,,2.2,1.4,3.7,.122,,1.0,-0.3,0.7,1.0
Chris Silva,PF,24,TOT,13,87,12.6,.741,.067,1.000,9.3,23.6,16.7,10.1,0.6,6.0,31.6,16.2,,0.1,0.1,0.2,.120,,-5.5,0.7,-4.8,-0.1
Chris Silva,PF,24,MIA,11,83,13.4,.765,.077,1.154,9.8,23.4,16.8,10.5,0.6,6.3,31.5,15.5,,0.1,0.1,0.2,.143,,-5.0,1.2,-3.8,0.0
Chris Silva,PF,24,SAC,2,4,-4.6,.500,.000,.000,0.0,28.0,13.8,0.0,0.0,0.0,33.3,32.1,,0.0,0.0,0.0,-0.356,,-15.6,-9.3,-24.9,0.0
Ben Simmons,PG,24,PHI,42,1403,18.1,.580,.020,.494,5.9,19.6,13.0,31.8,2.1,1.7,20.9,21.2,,1.8,2.4,4.1,.141,,0.7,1.6,2.2,1.5
Anfernee Simons,SG,21,POR,42,709,12.2,.576,.713,.128,1.2,14.0,7.3,12.8,0.6,0.6,10.0,20.1,,0.8,0.1,0.9,.063,,0.4,-2.3,-1.9,0.0
Deividas Sirvydis,SG,20,DET,12,26,14.5,.545,.833,.333,0.0,30.7,15.0,6.0,1.9,0.0,6.8,24.7,,0.0,0.0,0.0,.079,,-0.8,-0.4,-1.2,0.0
Alen Smailagić,PF,20,GSW,5,26,7.0,.468,.500,.400,8.2,4.1,6.1,0.0,0.0,3.4,0.0,19.3,,0.0,0.0,0.0,.004,,-3.1,-3.5,-6.6,0.0
Marcus Smart,PG,26,BOS,31,987,14.6,.544,.543,.317,1.9,8.7,5.3,23.5,2.3,1.5,12.2,18.3,,1.5,0.9,2.3,.114,,0.0,0.1,0.1,0.5
Dennis Smith Jr.,PG,23,TOT,20,361,14.2,.486,.402,.136,3.3,13.2,8.2,29.4,2.9,3.4,14.6,19.8,,0.0,0.5,0.5,.067,,-1.0,1.9,0.8,0.3
Dennis Smith Jr.,PG,23,NYK,3,28,6.9,.356,.400,.600,0.0,7.7,3.8,14.6,5.4,0.0,7.3,21.5,,-0.1,0.1,0.0,-0.013,,-8.2,3.9,-4.3,0.0
Dennis Smith Jr.,PG,23,DET,17,333,14.8,.499,.402,.098,3.6,13.7,8.5,30.6,2.7,3.7,15.3,19.7,,0.1,0.5,0.5,.074,,-0.4,1.7,1.3,0.3
Ish Smith,PG,32,WAS,21,434,9.9,.403,.157,.127,2.6,15.2,8.9,29.3,1.7,0.8,14.0,15.8,,-0.3,0.4,0.1,.007,,-2.7,-0.4,-3.0,-0.1
Jalen Smith,PF,20,PHO,16,73,3.6,.399,.400,.120,8.0,16.4,12.3,3.6,0.0,2.5,13.2,18.5,,-0.2,0.1,-0.1,-0.058,,-6.4,-2.2,-8.6,-0.1
Tony Snell,SG,29,ATL,37,783,9.8,.728,.676,.050,1.9,9.9,6.0,8.5,0.4,1.0,10.7,8.8,,1.4,0.3,1.6,.100,,-0.1,-0.5,-0.6,0.3
,,,,,,,,,,,,,,,,,,,,,,,,,,,
Ray Spalding,C,23,HOU,2,19,0.9,.410,.250,.500,10.8,11.7,11.2,0.0,0.0,9.4,38.1,17.7,,-0.1,0.0,-0.1,-0.175,,-8.9,-1.4,-10.4,0.0
Cassius Stanley,SG,21,IND,13,35,3.9,.357,.313,.313,12.7,16.0,14.3,0.0,0.0,4.8,5.2,23.7,,-0.1,0.0,-0.1,-0.076,,-8.6,-4.1,-12.7,-0.1
Lamar Stevens,PF,23,CLE,34,450,11.3,.513,.186,.357,5.6,17.3,11.3,8.0,1.8,2.4,11.3,16.3,,0.0,0.5,0.5,.055,,-3.6,0.1,-3.4,-0.2
Isaiah Stewart,C,19,DET,48,923,15.3,.597,.101,.211,12.2,21.5,16.7,6.2,1.3,4.9,14.5,14.3,,1.1,1.3,2.4,.123,,-2.0,0.3,-1.7,0.1
Max Strus,SF,24,MIA,25,333,12.4,.620,.803,.131,1.0,7.1,4.2,6.3,0.7,0.0,3.0,17.9,,0.5,0.2,0.7,.102,,0.6,-1.4,-0.8,0.1
Edmond Sumner,SG,25,IND,35,462,11.9,.609,.351,.285,3.1,11.4,7.2,7.4,1.8,0.7,15.0,18.7,,0.2,0.4,0.6,.064,,-2.5,-0.5,-3.0,-0.1
Jae'Sean Tate,SF,25,HOU,50,1430,14.1,.598,.310,.225,6.9,13.5,10.1,10.7,1.8,1.8,11.3,15.3,,2.0,1.4,3.3,.112,,-1.5,0.5,-1.0,0.4
Jayson Tatum,SF,22,BOS,44,1559,20.6,.562,.364,.220,2.3,19.8,10.9,19.9,1.8,1.2,9.7,30.2,,2.5,1.6,4.1,.128,,3.9,-0.4,3.5,2.2
Jeff Teague,PG,32,TOT,36,647,11.4,.539,.301,.316,1.7,8.5,5.1,16.5,2.0,1.3,15.4,17.3,,0.3,0.5,0.8,.063,,-2.3,-0.2,-2.5,-0.1
Jeff Teague,PG,32,BOS,34,616,11.5,.542,.298,.324,1.8,8.6,5.2,16.1,2.1,1.1,15.4,17.8,,0.3,0.5,0.8,.063,,-2.4,-0.2,-2.5,-0.1
Jeff Teague,G,32,MIL,2,31,9.6,.400,.400,.000,0.0,6.6,3.4,26.3,0.0,5.7,16.7,8.1,,0.0,0.0,0.0,.070,,-1.0,-0.2,-1.2,0.0
Garrett Temple,SG,34,CHI,37,1002,9.1,.536,.519,.144,2.4,10.1,6.3,9.5,1.6,1.5,11.4,13.6,,0.3,0.9,1.2,.057,,-3.0,-0.1,-3.1,-0.3
Tyrell Terry,PG,20,DAL,11,56,6.0,.318,.438,.188,0.0,11.5,5.9,14.1,4.4,0.0,10.4,15.3,,-0.1,0.1,-0.1,-0.049,,-7.7,2.2,-5.5,-0.1
Daniel Theis,C,28,TOT,46,1113,15.0,.618,.333,.239,5.7,18.0,11.8,9.4,1.1,4.0,11.4,14.9,,1.8,1.2,3.0,.130,,-0.6,0.6,0.1,0.6
Daniel Theis,C,28,BOS,42,1027,15.2,.625,.330,.233,5.8,18.2,12.0,9.2,1.2,4.0,11.4,15.0,,1.8,1.1,2.9,.135,,-0.5,0.7,0.2,0.6
Daniel Theis,C,28,CHI,4,86,11.6,.519,.381,.333,3.9,15.3,9.7,12.2,0.6,5.0,11.1,13.5,,0.0,0.1,0.1,.071,,-1.5,0.5,-0.9,0.0
Brodric Thomas,SG,24,TOT,14,150,7.5,.453,.543,.457,2.1,11.4,6.6,11.3,2.3,3.0,15.3,18.8,,-0.2,0.2,0.0,-0.012,,-5.5,0.5,-5.0,-0.1
Brodric Thomas,SG,24,HOU,4,24,7.4,.496,.857,1.000,4.3,13.9,8.9,23.1,2.0,3.7,28.4,25.1,,-0.1,0.0,0.0,-0.054,,-6.9,-0.5,-7.3,0.0
Brodric Thomas,SG,24,CLE,10,126,7.6,.443,.487,.359,1.7,10.9,6.2,9.0,2.3,2.9,11.7,17.7,,-0.1,0.1,0.0,-0.005,,-5.2,0.7,-4.6,-0.1
Matt Thomas,SG,26,TOT,29,222,7.9,.525,.671,.092,1.9,11.5,6.6,9.1,0.7,0.0,11.2,17.3,,0.0,0.1,0.1,.015,,-3.0,-2.3,-5.2,-0.2
Matt Thomas,SG,26,TOR,26,192,8.2,.545,.661,.113,1.7,10.6,6.0,6.7,0.5,0.0,8.4,16.0,,0.0,0.1,0.1,.028,,-2.2,-2.5,-4.7,-0.1
Matt Thomas,SG,26,UTA,3,30,5.8,.429,.714,.000,3.7,16.9,10.6,24.1,1.6,0.0,22.2,25.8,,-0.1,0.0,0.0,-0.067,,-7.7,-0.8,-8.6,0.0
Tristan Thompson,PF,29,BOS,36,811,15.6,.554,.013,.359,15.4,26.3,20.8,6.2,0.8,1.5,11.9,15.6,,1.3,0.8,2.1,.123,,-0.6,-1.6,-2.3,-0.1
Sindarius Thornwell,SG,26,NOP,14,73,4.5,.388,.429,.095,1.5,6.0,3.8,7.0,3.3,1.3,15.5,15.1,,-0.2,0.1,-0.1,-0.065,,-6.1,0.1,-5.9,-0.1
Matisse Thybulle,SG,23,PHI,47,901,9.8,.500,.611,.084,2.9,7.5,5.2,6.5,3.7,4.5,9.9,9.1,,0.2,1.8,1.9,.104,,-2.7,4.1,1.4,0.8
Killian Tillie,C,22,MEM,8,58,2.9,.314,.524,.143,5.4,5.7,5.5,2.2,1.6,6.5,4.3,16.9,,-0.1,0.1,-0.1,-0.058,,-7.2,-1.3,-8.5,-0.1
Xavier Tillman Sr.,PF,22,MEM,37,690,13.4,.565,.223,.186,6.8,17.0,11.7,9.8,2.1,2.9,11.7,14.1,,0.7,1.0,1.7,.116,,-2.1,0.9,-1.2,0.1
Obi Toppin,PF,22,NYK,41,480,11.5,.558,.396,.121,3.8,15.7,9.8,7.0,1.1,2.2,11.3,16.3,,0.2,0.7,0.8,.084,,-2.3,0.1,-2.2,0.0
,,,,,,,,,,,,,,,,,,,,,,,,,,,
Juan Toscano-Anderson,SG,27,GSW,35,609,11.6,.659,.417,.157,3.1,19.3,11.2,16.2,1.6,2.2,21.7,11.0,,0.6,0.8,1.4,.108,,-2.2,1.7,-0.5,0.2
Axel Toupane,SF,28,MIL,5,41,3.2,.286,.143,.000,0.0,9.9,5.1,5.6,0.0,6.5,0.0,7.2,,0.0,0.0,0.0,-0.001,,-7.4,0.0,-7.4,-0.1
Karl-Anthony Towns,C,25,MIN,31,1067,23.4,.608,.342,.315,8.3,27.1,17.3,21.7,1.1,3.6,13.3,28.5,,2.3,1.1,3.4,.151,,4.1,0.6,4.7,1.8
Gary Trent Jr.,SG,22,TOT,47,1456,12.8,.551,.570,.133,1.6,6.8,4.1,6.8,1.4,0.5,4.7,20.1,,1.5,0.3,1.7,.058,,-0.1,-2.1,-2.2,-0.1
Gary Trent Jr.,SG,22,POR,41,1262,12.6,.550,.582,.143,1.7,6.2,3.9,6.8,1.4,0.4,5.3,20.1,,1.3,0.1,1.4,.055,,0.0,-2.4,-2.4,-0.1
Gary Trent Jr.,SG,22,TOR,6,194,13.7,.558,.494,.069,0.5,11.1,5.6,6.6,1.5,1.0,1.1,20.2,,0.2,0.1,0.3,.078,,-0.4,-0.3,-0.7,0.1
P.J. Tucker,PF,35,TOT,35,1003,5.5,.496,.667,.170,3.7,13.0,8.2,6.0,1.4,1.8,18.5,7.6,,-0.2,0.8,0.7,.031,,-5.0,0.3,-4.7,-0.7
P.J. Tucker,PF,35,HOU,32,959,5.6,.500,.656,.176,3.5,13.3,8.2,6.2,1.4,1.7,19.0,7.8,,-0.2,0.8,0.6,.030,,-5.1,0.3,-4.8,-0.7
P.J. Tucker,PF,35,MIL,3,44,5.3,.375,1.000,.000,7.5,6.9,7.2,2.5,0.0,4.0,0.0,3.8,,0.0,0.0,0.1,.061,,-2.7,0.6,-2.1,0.0
Rayjon Tucker,PG,23,PHI,5,23,17.3,.731,.500,2.000,4.9,13.9,9.5,5.3,0.0,0.0,0.0,13.9,,0.1,0.0,0.1,.296,,-1.5,0.0,-1.6,0.0
Myles Turner,C,24,IND,45,1402,15.7,.601,.474,.321,4.7,18.5,11.6,4.5,1.4,9.4,12.2,16.7,,1.1,2.3,3.4,.117,,-1.3,1.8,0.5,0.9
Jonas Valančiūnas,C,28,MEM,42,1156,22.6,.601,.078,.285,15.7,33.3,24.3,9.8,1.0,2.2,11.7,23.3,,2.6,1.8,4.4,.183,,2.0,-1.0,1.0,0.9
Denzel Valentine,SG,27,CHI,43,787,10.9,.486,.579,.034,2.7,19.9,11.5,13.0,1.6,0.1,7.4,19.2,,-0.1,0.8,0.7,.044,,-1.7,-0.7,-2.4,-0.1
Jarred Vanderbilt,PF,21,MIN,46,792,15.3,.614,.025,.454,9.1,24.0,16.2,10.4,2.6,3.2,18.4,12.7,,0.9,1.0,1.9,.114,,-2.2,1.1,-1.2,0.2
Fred VanVleet,SG,26,TOR,44,1601,17.1,.543,.546,.240,1.9,11.2,6.4,26.1,2.3,2.1,9.7,23.9,,2.2,1.6,3.8,.115,,2.4,-0.1,2.3,1.8
Devin Vassell,SF,20,SAS,41,697,11.2,.536,.505,.167,2.5,15.9,9.0,7.5,2.5,1.5,7.8,13.5,,0.3,0.9,1.2,.082,,-2.3,1.3,-1.0,0.2
Gabe Vincent,PG,24,MIA,35,508,7.4,.487,.634,.124,1.6,6.8,4.3,15.2,1.7,0.4,12.1,19.7,,-0.4,0.5,0.1,.007,,-4.6,-0.8,-5.4,-0.4
Noah Vonleh,PF,25,BRK,4,11,-19.1,.000,.667,.000,0.0,9.7,5.1,10.2,0.0,0.0,40.0,19.8,,-0.1,0.0,-0.1,-0.489,,-20.9,-8.9,-29.9,-0.1
Nikola Vučević,C,30,TOT,49,1654,23.8,.568,.313,.130,5.8,30.7,17.9,21.5,1.4,1.8,7.6,29.5,,2.9,2.2,5.1,.149,,5.5,0.2,5.7,3.2
Nikola Vučević,C,30,ORL,44,1500,23.6,.565,.317,.121,5.8,30.9,17.9,21.8,1.4,1.8,8.0,29.9,,2.4,2.0,4.4,.140,,5.5,0.1,5.6,2.9
Nikola Vučević,C,30,CHI,5,154,25.5,.605,.269,.231,5.9,29.2,17.7,19.1,1.2,2.8,3.4,24.8,,0.5,0.2,0.7,.233,,5.1,1.3,6.4,0.3
Dean Wade,PF,24,CLE,42,664,10.7,.549,.659,.121,3.3,17.3,10.1,9.4,1.0,1.9,7.6,12.9,,0.5,0.5,1.1,.077,,-1.3,-0.1,-1.3,0.1
Moritz Wagner,C,23,TOT,31,424,13.8,.595,.356,.400,4.0,18.2,11.1,12.0,2.4,1.6,14.5,18.3,,0.4,0.5,0.9,.099,,-2.1,0.6,-1.6,0.0
Moritz Wagner,C,23,WAS,25,375,15.5,.614,.344,.426,3.6,17.0,10.3,12.2,2.7,1.8,12.7,18.4,,0.5,0.5,1.0,.127,,-1.1,0.9,-0.2,0.2
Moritz Wagner,C,23,BOS,6,49,0.4,.396,.462,.154,6.8,27.6,17.1,10.4,0.0,0.0,30.2,17.5,,-0.2,0.0,-0.1,-0.115,,-10.3,-2.0,-12.3,-0.1
Kemba Walker,PG,30,BOS,31,954,16.3,.535,.523,.200,1.0,12.1,6.5,23.4,1.8,0.9,11.2,26.3,,1.0,0.8,1.7,.087,,1.6,-0.8,0.8,0.7
Lonnie Walker,SG,22,SAS,37,968,10.2,.526,.459,.119,1.0,10.5,5.6,9.2,1.0,1.2,8.6,20.0,,-0.2,0.7,0.4,.022,,-2.2,-1.4,-3.7,-0.4
John Wall,PG,30,HOU,32,1018,15.6,.499,.340,.295,1.5,10.2,5.7,36.7,1.5,2.2,14.3,31.7,,-0.7,0.8,0.1,.004,,1.3,-1.7,-0.4,0.4
,,,,,,,,,,,,,,,,,,,,,,,,,,,
Brad Wanamaker,PG,31,TOT,43,691,9.1,.485,.337,.326,1.5,9.4,5.5,21.3,2.0,0.8,16.3,16.3,,-0.2,0.7,0.5,.033,,-4.5,0.2,-4.3,-0.4
Brad Wanamaker,PG,31,GSW,39,625,8.6,.468,.353,.324,1.4,9.8,5.6,21.2,1.9,0.9,15.8,16.0,,-0.3,0.6,0.4,.027,,-4.7,0.3,-4.4,-0.4
Brad Wanamaker,PG,31,CHO,4,66,13.5,.628,.200,.350,3.3,5.0,4.1,22.7,2.2,0.0,20.6,18.9,,0.1,0.0,0.1,.089,,-2.8,-0.9,-3.6,0.0
T.J. Warren,SF,27,IND,4,117,11.9,.560,.137,.196,1.9,11.5,6.7,6.7,0.8,0.0,6.7,21.9,,0.1,0.1,0.1,.050,,-3.0,-2.5,-5.5,-0.1
P.J. Washington,PF,22,CHO,45,1327,12.3,.538,.369,.249,5.3,18.6,11.9,13.2,1.6,4.3,17.3,18.8,,-0.2,1.6,1.5,.053,,-2.2,0.3,-1.8,0.1
Yuta Watanabe,SF,26,TOR,31,354,10.1,.459,.487,.141,8.1,22.4,15.0,6.0,1.6,4.0,9.8,11.2,,0.1,0.5,0.5,.072,,-2.6,0.0,-2.7,-0.1
Tremont Waters,PG,23,BOS,14,110,13.2,.468,.472,.222,3.0,6.2,4.6,40.9,3.6,0.0,24.8,20.6,,0.0,0.1,0.1,.046,,-0.1,-0.1,-0.2,0.1
Paul Watson,SF,26,TOR,24,234,8.7,.634,.800,.073,1.4,15.5,8.2,6.6,1.0,0.9,9.6,11.6,,0.2,0.2,0.4,.080,,-2.3,-0.8,-3.0,-0.1
Quinndary Weatherspoon,SG,24,SAS,13,58,-2.3,.313,.182,.364,0.0,7.5,3.7,8.4,4.2,1.5,38.5,15.6,,-0.3,0.1,-0.2,-0.171,,-12.9,-0.3,-13.2,-0.2
Russell Westbrook,PG,32,WAS,42,1479,17.7,.496,.225,.335,4.8,26.7,15.7,47.6,1.7,1.0,18.5,31.9,,-1.0,1.7,0.7,.024,,1.6,0.0,1.6,1.3
Coby White,PG,20,CHI,45,1411,11.3,.522,.475,.143,1.7,14.1,8.0,20.8,0.8,0.5,13.6,22.5,,0.1,0.9,1.0,.036,,-1.6,-1.8,-3.5,-0.5
Derrick White,SG,26,SAS,24,696,13.1,.527,.543,.254,0.9,9.2,4.9,16.8,1.2,3.0,9.3,22.3,,0.2,0.6,0.8,.057,,-0.2,-0.4,-0.6,0.2
Hassan Whiteside,C,31,SAC,29,429,19.8,.559,.006,.363,12.7,32.4,22.4,5.6,0.8,7.7,13.7,24.0,,0.2,0.5,0.7,.075,,-1.5,-0.2,-1.8,0.0
Greg Whittington,PF,27,DEN,4,12,-10.2,.000,.667,.000,0.0,0.0,0.0,0.0,0.0,0.0,0.0,10.9,,-0.1,0.0,-0.1,-0.263,,-11.4,-6.1,-17.5,0.0
Andrew Wiggins,PF,25,GSW,50,1617,14.8,.572,.364,.252,3.3,12.5,7.9,11.0,1.3,2.6,10.8,23.4,,0.6,1.7,2.2,.067,,0.0,-0.6,-0.7,0.6
Grant Williams,PF,22,BOS,42,771,8.3,.557,.534,.224,5.4,12.7,9.0,7.4,1.5,2.0,16.1,11.8,,0.3,0.6,1.0,.061,,-3.5,-0.1,-3.6,-0.3
Kenrich Williams,PF,26,OKC,50,1009,14.6,.622,.287,.149,6.5,14.6,10.6,14.7,1.6,1.0,13.8,14.9,,1.5,0.9,2.5,.117,,-0.8,0.9,0.1,0.5
Lou Williams,PG,34,TOT,45,997,15.8,.524,.264,.270,1.9,8.8,5.5,23.8,2.0,0.4,11.7,26.4,,0.8,0.9,1.7,.084,,-0.6,-1.4,-2.0,0.0
Lou Williams,PG,34,LAC,42,918,15.9,.529,.277,.277,1.9,8.8,5.4,23.2,2.1,0.4,12.0,26.4,,0.8,0.9,1.7,.087,,-0.5,-1.4,-1.9,0.0
Lou Williams,G,34,ATL,3,79,14.6,.471,.125,.200,2.8,9.5,6.2,30.2,1.2,1.1,8.4,26.1,,0.0,0.0,0.1,.049,,-1.3,-1.9,-3.2,0.0
Patrick Williams,PF,19,CHI,47,1340,10.2,.560,.272,.216,3.6,14.9,9.3,6.2,1.2,2.1,13.8,15.3,,0.2,1.3,1.5,.052,,-2.8,-0.4,-3.2,-0.4
Robert Williams,C,23,BOS,42,773,27.6,.731,.005,.309,15.4,26.0,20.6,13.9,2.4,9.4,14.5,15.3,,2.9,1.6,4.5,.280,,3.6,3.5,7.1,1.8
Zion Williamson,PF,20,NOP,44,1444,27.9,.662,.032,.524,8.9,15.0,12.0,18.6,1.4,2.0,11.4,29.1,,5.7,0.8,6.6,.218,,5.6,-0.3,5.2,2.6
D.J. Wilson,PF,24,TOT,22,224,11.1,.548,.576,.118,4.2,22.9,13.5,5.2,0.8,3.6,12.7,19.4,,-0.1,0.3,0.2,.048,,-3.1,-0.7,-3.8,-0.1
D.J. Wilson,PF,24,MIL,12,105,8.5,.490,.651,.047,3.1,21.3,12.5,3.7,0.4,3.4,8.4,19.2,,-0.1,0.1,0.1,.025,,-3.3,-2.1,-5.4,-0.1
D.J. Wilson,PF,24,HOU,10,119,13.4,.604,.500,.190,5.2,24.3,14.3,6.6,1.2,3.8,16.5,19.6,,0.0,0.1,0.2,.067,,-2.9,0.5,-2.4,0.0
,,,,,,,,,,,,,,,,,,,,,,,,,,,
Dylan Windler,SF,24,CLE,31,513,10.9,.567,.592,.208,4.2,19.4,11.6,9.3,1.8,2.1,18.4,14.7,,0.0,0.6,0.6,.052,,-1.8,0.1,-1.7,0.0
Justise Winslow,SF,24,MEM,16,337,4.9,.372,.281,.110,4.0,20.8,12.2,11.3,1.7,2.0,14.0,22.2,,-1.1,0.5,-0.6,-0.090,,-7.2,-0.2,-7.4,-0.5
Cassius Winston,PG,22,WAS,13,77,12.9,.610,.591,.182,0.0,9.7,4.8,17.4,1.2,1.1,4.0,13.4,,0.2,0.0,0.2,.131,,-0.1,0.0,-0.1,0.0
James Wiseman,C,19,GSW,36,781,12.5,.547,.106,.245,6.9,21.4,14.2,4.7,0.6,4.0,13.6,23.7,,-0.5,1.0,0.4,.027,,-4.4,-1.4,-5.8,-0.8
Christian Wood,C,25,HOU,27,848,21.4,.601,.297,.309,5.6,27.8,16.2,8.4,1.3,3.7,9.4,26.2,,1.0,1.2,2.2,.125,,2.1,-0.3,1.9,0.8
Robert Woodard,SF,21,SAC,11,29,18.5,.514,.286,.571,11.2,30.9,20.9,0.0,0.0,5.7,5.4,27.3,,0.0,0.0,0.0,.035,,0.2,-3.3,-3.2,0.0
Delon Wright,SG-PG,28,TOT,42,1178,16.2,.562,.314,.311,3.7,13.7,8.6,24.8,2.6,1.4,12.3,15.9,,1.9,1.3,3.2,.129,,0.8,1.5,2.3,1.3
Delon Wright,SG,28,DET,36,1052,16.6,.562,.304,.307,3.8,13.8,8.7,26.0,2.7,1.6,12.6,15.8,,1.7,1.3,3.0,.136,,1.1,1.8,2.8,1.3
Delon Wright,PG,28,SAC,6,126,13.2,.560,.395,.342,2.6,13.3,7.9,14.5,1.5,0.0,10.3,16.6,,0.2,0.0,0.2,.070,,-1.0,-1.0,-2.0,0.0
Thaddeus Young,PF,32,CHI,44,1103,21.2,.602,.059,.165,11.2,17.3,14.3,26.5,2.4,2.0,16.2,21.2,,2.3,1.5,3.8,.165,,2.1,1.7,3.8,1.6
Trae Young,PG,22,ATL,47,1611,22.2,.587,.371,.500,2.2,10.1,6.3,45.2,1.3,0.6,16.9,32.7,,4.2,0.9,5.1,.153,,5.2,-1.7,3.4,2.2
Cody Zeller,C,28,CHO,30,644,18.2,.570,.105,.330,12.8,22.2,17.5,14.3,1.7,1.7,10.1,17.7,,1.4,0.8,2.1,.158,,0.2,0.1,0.4,0.4
Ivica Zubac,C,23,LAC,51,1105,19.6,.687,.011,.437,14.5,23.3,19.0,7.1,0.9,3.8,14.7,15.0,,3.4,1.5,4.9,.213,,0.7,-0.2,0.5,0.7
